,Aircraft_Type,Check_A_Part_Price,Check_B_Part_Price,Check_C_Part_Price
0,A319,,,
1,A319,,,
2,A319,,,
3,A319,,51.46,
4,A319,8.889,,
5,A319,,,1240.06
6,A319,,,
7,A319,5.849,,1913.35
8,A319,5.899,,
9,A319,7.435,,
10,A319,,29.02,
11,A319,,41.32,
12,A319,,,
13,A319,,,
14,A319,,,
15,A319,,,
16,A319,,,
17,A319,,341.71,
18,A319,9.544,,
19,A319,,,777.26
20,A319,,,
21,A319,,24.0,
22,A319,,,
23,A319,,67.05,
24,A319,7.041,54.53,
25,A319,,,
26,A319,8.664,,785.73
27,A319,,,600.26
28,A319,,,
29,A319,6.309,,1366.99
30,A319,,,2165.44
31,A319,,,1305.47
32,A319,9.25,,
33,A319,,,
34,A319,,,
35,A319,,17.58,
36,A319,,41.49,
37,A319,,,
38,A319,,,
39,A319,,,
40,A319,,,595.35
41,A319,,,1286.09
42,A319,,,
43,A319,,,
44,A319,,27.21,1777.87
45,A319,9.363,,379.03
46,A319,,,
47,A319,,,1134.92
48,A319,,,
49,A319,,,
50,A319,,,
51,A319,,62.85,1726.75
52,A319,,24.92,2097.04
53,A319,,,
54,A319,6.292999999999999,48.71,
55,A319,6.438,68.65,
56,A319,,,
57,A319,,,900.18
58,A319,6.85,,
59,A319,,,
60,A319,,,
61,A319,,,
62,A319,,,65.64
63,A319,,,2013.39
64,A319,,,
65,A319,,10.7,
66,A319,,,
67,A319,,,1920.76
68,A319,,,
69,A319,,,
70,A319,6.41,,
71,A319,6.935,,1375.1
72,A319,,,
73,A319,,,
74,A319,,,1756.79
75,A319,8.824,,1255.7
76,A319,7.699,36.32,
77,A319,,,1462.16
78,A319,7.715,,521.51
79,A319,7.21,42.7,1996.98
80,A319,,,
81,A319,,16.35,
82,A319,,,1531.81
83,A319,,,
84,A319,,34.66,
85,A319,,,
86,A319,,,
87,A319,,,
88,A319,,28.03,
89,A319,,,
90,A319,,,734.85
91,A319,6.745,,
92,A319,,,1282.06
93,A319,,31.24,1544.03
94,A319,8.056000000000001,,
95,A319,8.686,,
96,A319,6.706,,988.11
97,A319,,,1160.33
98,A319,,,2014.63
99,A319,9.557,,
100,A319,,,
101,A319,,,
102,A319,,63.48,
103,A319,,,
104,A319,,,1789.25
105,A319,,43.52,
106,A319,9.215,27.12,
107,A319,,,
108,A319,,,
109,A319,,,
110,A319,6.707000000000001,,1394.44
111,A319,,,1241.91
112,A319,,,2117.02
113,A319,,,
114,A319,8.673,,2126.65
115,A319,,,
116,A319,,42.17,
117,A319,6.992999999999999,59.37,
118,A319,,,1637.24
119,A319,,,
120,A319,,,1079.32
121,A319,,,
122,A319,8.25,35.83,1988.27
123,A319,7.526,,1424.35
124,A319,,,
125,A319,8.28,,
126,A319,,11.3,
127,A319,,,682.65
128,A319,,,
129,A319,,,1520.32
130,A319,,,
131,A319,6.521,,
132,A319,7.99,64.4,
133,A319,5.981,,
134,A319,,15.72,429.26
135,A319,,,
136,A319,,41.81,
137,A319,,,
138,A319,,,
139,A319,,,
140,A319,7.353,,
141,A319,,,
142,A319,,,
143,A319,9.277000000000001,,
144,A319,,30.79,
145,A319,,,
146,A319,,,888.7
147,A319,,,
148,A319,8.318,34.9,
149,A319,8.493,,
150,A319,,,
151,A319,,,
152,A319,,,463.17
153,A319,8.25,69.12,
154,A319,,,
155,A319,,,
156,A319,,,1160.26
157,A319,,,
158,A319,,37.16,
159,A319,,,
160,A319,7.791,,
161,A319,,25.36,
162,A319,8.697000000000001,,
163,A319,9.447000000000001,,
164,A319,,,
165,A319,,,
166,A319,,,
167,A319,,,715.63
168,A319,7.282,,
169,A319,7.876,69.42,
170,A319,,,1599.74
171,A319,,,309.45
172,A319,,,
173,A319,,,
174,A319,,,
175,A319,,,
176,A319,,,731.86
177,A319,9.579,,
178,A319,,64.99,1299.37
179,A319,8.931000000000001,35.71,
180,A319,,,
181,A319,,,886.78
182,A319,,66.3,
183,A319,,,
184,A319,5.986000000000001,24.53,
185,A319,,,371.4
186,A319,,,
187,A319,,,
188,A319,,,
189,A319,,,
190,A319,,,322.28
191,A319,,25.58,1130.12
192,A319,,,411.81
193,A319,7.053999999999999,,1065.97
194,A319,,37.08,673.12
195,A319,7.702000000000001,,
196,A319,,,356.81
197,A319,,,
198,A319,9.144,,612.12
199,A319,8.912,,
200,A319,,,
201,A319,6.608,27.64,964.48
202,A319,,,
203,A319,,,925.73
204,A319,,67.56,
205,A319,,12.35,1128.43
206,A319,,23.05,
207,A319,,,1503.91
208,A319,,,
209,A319,,,
210,A319,,,
211,A319,7.683,,
212,A319,5.621,,
213,A319,,,
214,A319,,,
215,A319,9.589,27.7,
216,A319,,,
217,A319,,,
218,A319,,,
219,A319,,,
220,A319,,,1237.26
221,A319,,,
222,A319,,45.48,
223,A319,,,
224,A319,,,
225,A319,,,
226,A319,,,542.6
227,A319,,,845.33
228,A319,,,1080.12
229,A319,9.367,,
230,A319,,,
231,A319,,40.84,1955.43
232,A319,,39.71,
233,A319,,,265.56
234,A319,,,
235,A319,,,
236,A319,,34.22,816.16
237,A319,,,
238,A319,,,1420.84
239,A319,,,
240,A319,6.501,,
241,A319,,15.27,1389.47
242,A319,,,
243,A319,7.242000000000001,45.83,284.86
244,A319,,,265.94
245,A319,9.112,,
246,A319,,,925.87
247,A319,8.469,,
248,A319,6.757000000000001,30.06,
249,A319,,,
250,A319,,,791.92
251,A319,,,
252,A319,,,
253,A319,,,
254,A319,,62.57,
255,A319,9.22,,
256,A319,,,
257,A319,7.607,,
258,A319,7.6770000000000005,24.15,473.78
259,A319,,67.51,
260,A319,,,
261,A319,,61.37,223.57
262,A319,,,
263,A319,,17.86,
264,A319,,66.02,
265,A319,6.425,,
266,A319,,,
267,A319,,,
268,A319,,,
269,A319,,,
270,A319,,,2023.91
271,A319,,,
272,A319,,,
273,A319,6.002999999999999,,
274,A319,5.768,44.77,
275,A319,9.22,,
276,A319,,,
277,A319,9.368,,
278,A319,8.832,45.47,
279,A319,6.553,,
280,A319,,,
281,A319,,,1285.62
282,A319,7.097,33.09,1747.36
283,A319,,,2170.26
284,A319,8.251,46.13,
285,A319,,,
286,A319,,33.91,886.52
287,A319,,31.36,722.28
288,A319,,39.39,2022.89
289,A319,,68.64,1698.6
290,A319,,21.67,
291,A319,,35.65,570.58
292,A319,6.547999999999999,13.53,
293,A319,,,
294,A319,,,1428.93
295,A319,,,1052.5
296,A319,6.1610000000000005,,1271.05
297,A319,9.463,,
298,A319,9.533999999999999,,
299,A319,7.852,36.61,
300,A319,6.671,13.81,
301,A319,,,867.83
302,A319,,61.43,
303,A319,6.524,,
304,A319,7.855,,1230.51
305,A319,6.407,23.36,
306,A319,9.425,,
307,A319,,38.33,
308,A319,,,1770.79
309,A319,7.109,15.88,
310,A319,8.461,,
311,A319,,55.48,1252.0
312,A319,8.204,,1489.33
313,A319,,,
314,A319,,17.32,
315,A319,,,
316,A319,,25.89,
317,A319,,58.84,
318,A319,,30.17,1430.57
319,A319,,,
320,A319,,62.92,1246.64
321,A319,,,561.69
322,A319,,,2018.76
323,A319,,,925.6
324,A319,8.192,39.7,
325,A319,7.103,,730.85
326,A319,,,
327,A319,,,
328,A319,6.77,,
329,A319,6.06,,863.61
330,A319,,,1778.59
331,A319,,,
332,A319,8.551,,
333,A319,6.072,,
334,A319,6.445,,
335,A319,,,
336,A319,,22.63,2053.62
337,A319,,23.34,1305.03
338,A319,,56.29,1562.57
339,A319,,47.02,
340,A319,,,
341,A319,,37.77,930.99
342,A319,,32.59,
343,A319,5.94,,
344,A319,,,
345,A319,7.966,,
346,A319,,37.39,
347,A319,5.971,62.13,1179.85
348,A319,,,
349,A319,,,1265.65
350,A319,8.392000000000001,,
351,A319,9.5,,
352,A319,7.507000000000001,,
353,A319,,,1187.43
354,A319,6.0920000000000005,,1076.28
355,A319,7.974,12.42,
356,A319,9.332,40.23,
357,A319,,16.39,
358,A319,,38.22,
359,A319,,,1079.82
360,A319,6.0,32.87,1221.61
361,A319,,,
362,A319,,13.23,
363,A319,,55.47,
364,A319,,,
365,A319,,51.88,
366,A319,,,585.14
367,A319,,,
368,A319,7.454,,
369,A319,,,
370,A319,7.0089999999999995,27.41,
371,A319,,26.88,889.76
372,A319,,,
373,A319,,,
374,A319,,,
375,A319,,51.58,
376,A319,,59.62,1472.61
377,A319,8.215,,408.71
378,A319,5.905,,
379,A319,,,
380,A319,7.567,,
381,A319,,,
382,A319,,,1657.1
383,A319,,,
384,A319,,24.51,
385,A319,,,1677.19
386,A319,8.927999999999999,,
387,A319,,,
388,A319,,58.31,
389,A319,,39.39,1918.55
390,A319,,26.91,
391,A319,,,
392,A319,,,
393,A319,,45.66,
394,A319,7.876,,
395,A319,7.653,63.31,701.42
396,A319,6.38,,
397,A319,7.761,25.71,
398,A319,,,
399,A319,,,771.14
400,A319,,,
401,A319,,,
402,A319,,,
403,A319,9.333,36.46,
404,A319,,20.76,
405,A319,8.005,,
406,A319,,,592.16
407,A319,,,
408,A319,,15.22,
409,A319,,,1745.64
410,A319,9.235,,1966.54
411,A319,,,343.6
412,A319,6.791,,1113.58
413,A319,5.7620000000000005,35.05,810.71
414,A319,9.545,,
415,A319,,,1265.32
416,A319,,,
417,A319,,66.58,
418,A319,7.917000000000001,,
419,A319,5.775,63.52,1663.14
420,A319,,44.78,
421,A319,,,
422,A319,,16.66,
423,A319,6.732,28.2,
424,A319,8.492,,
425,A319,,,
426,A319,,,
427,A319,,,2180.59
428,A319,,23.68,
429,A319,,,
430,A319,,,
431,A319,,,
432,A319,,,461.37
433,A319,,,
434,A319,6.579,,
435,A319,,,424.86
436,A319,,23.07,
437,A319,7.728,,
438,A319,,27.36,
439,A319,,,
440,A319,,,1019.55
441,A319,,37.13,2129.23
442,A319,,,1117.44
443,A319,,28.67,362.76
444,A319,6.398,,
445,A319,5.704,67.85,
446,A319,7.59,,
447,A319,,,1070.63
448,A319,6.455,,
449,A319,,,
450,A319,,,
451,A319,,,
452,A319,,18.87,
453,A319,,,
454,A319,6.199,,
455,A319,,,
456,A319,,,
457,A319,,,
458,A319,,,997.96
459,A319,,,
460,A319,8.014,19.72,840.01
461,A319,,64.01,
462,A319,,44.46,1331.67
463,A319,,,
464,A319,,,695.76
465,A319,,32.68,575.24
466,A319,,,
467,A319,,,
468,A319,,,
469,A319,,23.56,
470,A319,,,202.95
471,A319,9.465,57.4,
472,A319,,,
473,A319,6.8020000000000005,,948.68
474,A319,,28.65,
475,A319,5.787999999999999,,
476,A319,,,
477,A319,8.546,,1629.84
478,A319,,,791.74
479,A319,7.236000000000001,,
480,A319,7.622000000000001,,
481,A319,8.652000000000001,,
482,A319,8.818999999999999,,
483,A319,8.945,,
484,A319,8.588,,
485,A319,6.282,,
486,A319,,,
487,A319,9.258,,481.72
488,A319,,,
489,A319,,,
490,A319,,,
491,A319,8.562000000000001,62.84,
492,A319,8.955,24.61,832.68
493,A319,8.709,25.39,
494,A319,,,
495,A319,,,1756.02
496,A319,,36.87,
497,A319,8.288,,
498,A319,,,
499,A319,,,
500,A319,,,1132.37
501,A319,,,
502,A319,7.6979999999999995,46.7,1965.54
503,A319,7.5489999999999995,,
504,A319,7.773,,1391.43
505,A319,,,
506,A319,,,261.88
507,A319,,44.71,
508,A319,,,426.08
509,A319,,,
510,A319,9.389,,
511,A319,,,
512,A319,,,1371.02
513,A319,,,
514,A319,,,
515,A319,,,
516,A319,,,1938.17
517,A319,,,375.09
518,A319,,,
519,A319,9.247,,
520,A319,,,1393.29
521,A319,,,
522,A319,,,1649.04
523,A319,,,519.81
524,A319,7.649,,
525,A319,7.641,67.62,1879.97
526,A319,5.688,,
527,A319,8.722000000000001,64.1,
528,A319,,,1206.98
529,A319,,,723.04
530,A319,6.2379999999999995,43.31,
531,A319,7.3839999999999995,,
532,A319,,,
533,A319,6.267,,1592.83
534,A319,,,278.4
535,A319,7.398,,
536,A319,,26.98,687.93
537,A319,,,
538,A319,,33.89,1471.28
539,A319,,18.53,1878.91
540,A319,,,
541,A319,,,1535.79
542,A319,,51.53,2113.21
543,A319,6.893,,
544,A319,6.787000000000001,,
545,A319,,,
546,A319,6.897,,
547,A319,9.551,,1281.08
548,A319,,,
549,A319,,22.71,472.97
550,A319,,,
551,A319,,36.88,
552,A319,8.811,,
553,A319,,,
554,A319,,,
555,A319,,,572.25
556,A319,,40.47,
557,A319,,,
558,A319,,42.07,
559,A319,6.237,,1605.39
560,A319,,,1137.01
561,A319,9.439,,
562,A319,,24.63,
563,A319,6.077000000000001,,1374.59
564,A319,,,699.43
565,A319,,53.92,489.83
566,A319,,62.22,1257.12
567,A319,,20.68,
568,A319,,,234.41
569,A319,8.767999999999999,37.11,1147.77
570,A319,,37.37,1526.21
571,A319,9.467,49.27,
572,A319,5.69,,
573,A319,5.881,,
574,A319,7.648,,
575,A319,,21.83,
576,A319,7.971,,
577,A319,5.968,42.68,
578,A319,7.01,54.89,
579,A319,,23.57,619.9
580,A319,,,
581,A319,7.28,,
582,A319,,29.1,
583,A319,,,
584,A319,,16.28,
585,A319,,,
586,A319,6.5520000000000005,,
587,A319,7.115,,520.39
588,A319,,27.65,
589,A319,,13.99,836.01
590,A319,,,457.47
591,A319,,46.75,
592,A319,,,
593,A319,,,789.97
594,A319,,,
595,A319,,15.73,
596,A319,8.642999999999999,36.2,
597,A319,,50.55,
598,A319,,,
599,A319,7.959,55.94,275.52
600,A319,,56.69,
601,A319,,,
602,A319,,10.56,
603,A319,,,292.59
604,A319,,52.97,
605,A319,,,
606,A319,,,
607,A319,5.6339999999999995,59.21,
608,A319,,,1065.15
609,A319,8.839,21.54,1840.93
610,A319,,,947.73
611,A319,,,
612,A319,,,
613,A319,7.749,,
614,A319,,20.55,
615,A319,,,
616,A319,8.835,,
617,A319,,18.35,
618,A319,,,
619,A319,9.399,,
620,A319,,,
621,A319,,,491.39
622,A319,,63.23,
623,A319,,,381.1
624,A319,,,
625,A319,8.911,,690.23
626,A319,,,1930.97
627,A319,7.907,33.22,1486.4
628,A319,8.937000000000001,,354.41
629,A319,9.112,,902.06
630,A319,,,
631,A319,,34.76,1234.04
632,A319,,,
633,A319,,,469.97
634,A319,,,
635,A319,,,
636,A319,,,
637,A319,7.611000000000001,33.92,
638,A319,7.92,30.47,1573.39
639,A319,,,
640,A319,,17.05,1023.87
641,A319,,,
642,A319,9.347000000000001,,
643,A319,,,
644,A319,,,
645,A319,,,
646,A319,7.393,,1943.78
647,A319,9.259,,
648,A319,,,292.12
649,A319,,,908.27
650,A319,,,944.83
651,A319,,,1842.56
652,A319,,,
653,A319,,,
654,A319,,,1232.74
655,A319,,,
656,A319,9.51,,
657,A319,,,
658,A319,,34.2,1619.03
659,A319,,,325.93
660,A319,,,
661,A319,,14.67,
662,A319,8.826,49.62,1723.94
663,A319,,52.47,
664,A319,8.363,,
665,A319,,27.52,669.68
666,A319,7.402,,1944.56
667,A319,,,
668,A319,9.482000000000001,,
669,A319,6.9239999999999995,,502.21
670,A319,,,
671,A319,5.994,,
672,A319,9.597999999999999,,
673,A319,,,1842.99
674,A319,,39.41,1685.54
675,A319,,,
676,A319,,,
677,A319,,,1703.19
678,A319,,,
679,A319,,,
680,A319,6.571000000000001,15.29,1902.24
681,A319,,,1812.4
682,A319,,,
683,A319,,,1474.4
684,A319,,,
685,A319,,,
686,A319,,,
687,A319,,,1637.01
688,A319,,,1717.83
689,A319,,,
690,A319,,,
691,A319,,,
692,A319,8.994,,
693,A319,5.938,,
694,A319,8.982000000000001,,
695,A319,9.025,,
696,A319,9.334,,
697,A319,,46.03,2016.56
698,A319,,,
699,A319,,13.05,1512.45
700,A319,,,
701,A319,,,877.38
702,A319,,15.11,
703,A319,,,
704,A319,7.567,,
705,A319,,34.3,1542.01
706,A319,,46.68,1181.64
707,A319,6.325,37.55,
708,A319,,,1833.33
709,A319,,,
710,A319,,46.33,
711,A319,,,
712,A319,,,
713,A319,,,
714,A319,,61.24,1240.78
715,A319,8.939,,
716,A319,,,
717,A319,7.79,,1028.91
718,A319,,,1286.78
719,A319,,27.97,1216.72
720,A319,,13.83,1766.65
721,A319,,,1628.2
722,A319,5.752000000000001,,
723,A319,,,1296.14
724,A319,,,
725,A319,,26.67,
726,A319,,34.79,
727,A319,,,
728,A319,,,
729,A319,,,
730,A319,,,1656.64
731,A319,,,
732,A319,,,
733,A319,7.066,,1340.96
734,A319,,,
735,A319,,25.48,
736,A319,6.8870000000000005,57.55,1837.75
737,A319,,21.69,
738,A319,8.525,,
739,A319,6.294,,1310.41
740,A319,8.794,,
741,A319,,38.35,517.2
742,A319,,,
743,A319,,,
744,A319,,,1403.49
745,A319,,,
746,A319,6.506,50.17,
747,A319,7.925,,
748,A319,,,
749,A319,,,
750,A319,9.1,,1110.49
751,A319,,35.24,743.76
752,A319,,35.06,582.2
753,A319,,68.09,
754,A319,,,
755,A319,9.399,,
756,A319,,,
757,A319,,69.04,
758,A319,,57.2,
759,A319,,,1992.92
760,A319,,56.62,1114.42
761,A319,,,
762,A319,9.418,,
763,A319,,,
764,A319,,,2054.42
765,A319,6.311,,
766,A319,,,
767,A319,,67.58,340.31
768,A319,,,
769,A319,,,
770,A319,,,
771,A319,9.177999999999999,,
772,A319,,,
773,A319,,,
774,A319,7.456,,
775,A319,,,
776,A319,,23.77,1693.33
777,A319,,26.38,1668.99
778,A319,,59.54,
779,A319,,,
780,A319,,,1883.09
781,A319,,,
782,A319,,19.0,
783,A319,8.602,,
784,A319,5.669,,
785,A319,,,476.42
786,A319,,,
787,A319,,,
788,A319,,15.13,
789,A319,7.372000000000001,12.68,
790,A319,,,
791,A319,,,1475.24
792,A319,,,1126.82
793,A319,,10.59,556.79
794,A319,7.686,55.9,
795,A319,5.65,14.31,951.06
796,A319,,,955.81
797,A319,,,
798,A319,,,
799,A319,,,
800,A319,,69.17,666.28
801,A319,8.316,,1413.74
802,A319,,15.13,509.38
803,A319,6.867999999999999,29.74,
804,A319,,,
805,A319,,68.64,1089.84
806,A319,,,
807,A319,,,989.96
808,A319,,,1167.95
809,A319,,,
810,A319,5.869,,
811,A319,7.983,68.48,
812,A319,,,
813,A319,,,2001.54
814,A319,7.108,52.02,209.19
815,A319,,58.59,
816,A319,8.947000000000001,,894.25
817,A319,,,
818,A319,,,
819,A319,8.607999999999999,59.66,
820,A319,,,
821,A319,,52.22,1410.14
822,A319,,62.9,
823,A319,,,
824,A319,,,
825,A319,,,1669.75
826,A319,,55.4,1570.69
827,A319,6.725,,
828,A319,,,
829,A319,,,638.94
830,A319,,,392.35
831,A319,,,
832,A319,,,1605.27
833,A319,,14.05,
834,A319,,,
835,A319,9.021,68.94,
836,A319,,,
837,A319,,,
838,A319,,,
839,A319,6.899,,1639.64
840,A319,,,
841,A319,,,
842,A319,,,366.61
843,A319,,,
844,A319,,37.18,
845,A319,,,
846,A319,7.337999999999999,,1658.04
847,A319,7.082000000000001,,2048.18
848,A319,,,
849,A319,8.383,,
850,A319,7.4239999999999995,27.58,
851,A319,,,813.19
852,A319,6.456,,
853,A319,,,
854,A319,,,
855,A319,7.905,,
856,A319,,,
857,A319,,,
858,A319,7.973,,
859,A319,,,1663.6
860,A319,,68.09,
861,A319,,,1141.29
862,A319,,,1024.08
863,A319,,42.97,1488.44
864,A319,,,1132.26
865,A319,9.557,43.46,
866,A319,,,
867,A319,,,1852.3
868,A319,6.555,,
869,A319,,,1705.2
870,A319,,,2054.59
871,A319,,,
872,A319,8.45,,
873,A319,,,
874,A319,,,
875,A319,,,
876,A319,6.605,67.76,
877,A319,8.625,,
878,A319,,52.8,395.29
879,A319,6.694,,2108.64
880,A319,6.372999999999999,69.94,
881,A319,,27.82,
882,A319,,47.96,1682.64
883,A319,,,
884,A319,8.885,,1066.54
885,A319,,28.19,
886,A319,,,1992.51
887,A319,9.193,14.89,
888,A319,7.975,,
889,A319,,11.26,
890,A319,6.728,,
891,A319,8.031,,
892,A319,8.765,54.89,
893,A319,,,1801.4
894,A319,,,1768.02
895,A319,9.402999999999999,,
896,A319,7.382999999999999,,1943.81
897,A319,,,1113.36
898,A319,,,725.7
899,A319,,14.02,
900,A319,9.164,,
901,A319,,,
902,A319,,48.74,
903,A319,,,1648.08
904,A319,,,1598.2
905,A319,,,1713.37
906,A319,,,
907,A319,,,1953.71
908,A319,8.78,,
909,A319,,40.33,
910,A319,,,
911,A319,7.461,,
912,A319,,,1361.87
913,A319,,,
914,A319,,,
915,A319,,48.92,
916,A319,,,
917,A319,,,
918,A319,,,452.81
919,A319,8.841000000000001,,691.63
920,A319,7.475,66.83,
921,A319,,44.48,
922,A319,,,
923,A319,,,2096.9
924,A319,,,
925,A319,,,
926,A319,,,1989.03
927,A319,6.03,39.87,
928,A319,6.676,64.66,
929,A319,,,
930,A319,,,
931,A319,,11.83,
932,A319,,,
933,A319,6.9,,
934,A319,,,
935,A319,,,
936,A319,,55.16,
937,A319,,,
938,A319,9.086,,
939,A319,,,960.39
940,A319,5.617999999999999,67.31,
941,A319,8.732999999999999,31.15,
942,A319,,,890.59
943,A319,7.874,,
944,A319,6.718,,
945,A319,,,
946,A319,,,
947,A319,,,
948,A319,,,
949,A319,6.617999999999999,,
950,A319,,41.22,1092.89
951,A319,,,
952,A319,,44.59,
953,A319,,,
954,A319,,,722.32
955,A319,,64.9,
956,A319,,,
957,A319,6.7010000000000005,,
958,A319,,,
959,A319,,43.15,
960,A319,,61.1,619.86
961,A319,,,
962,A319,8.472999999999999,,
963,A319,,,
964,A319,,,
965,A319,,,
966,A319,,,1794.78
967,A319,,,
968,A319,,,1475.88
969,A319,,56.06,1549.87
970,A319,6.329,,354.55
971,A319,,,
972,A319,,,
973,A319,,,369.29
974,A319,6.112,,
975,A319,6.053,41.57,
976,A319,,,
977,A319,,,
978,A319,5.7379999999999995,,
979,A319,,,
980,A319,9.087,,1625.03
981,A319,,26.79,2162.07
982,A319,,25.36,
983,A319,7.7010000000000005,,
984,A319,,,
985,A319,,,1124.78
986,A319,,67.98,
987,A319,6.05,,1881.71
988,A319,,54.34,
989,A319,,,
990,A319,6.986000000000001,,
991,A319,5.644,35.66,
992,A319,6.0,,
993,A319,,,1815.54
994,A319,,,
995,A319,21.44,,
996,A319,,,
997,A319,,13.0,
998,A319,,,
999,A319,6.17,114.77,967.19
1000,A320,,,
1001,A320,,,
1002,A320,14.13270004,,
1003,A320,,,
1004,A320,,,
1005,A320,,,
1006,A320,11.34621801,54.27963927,
1007,A320,,,
1008,A320,8.858238271,46.94130918,
1009,A320,,,
1010,A320,,,1929.9796440000002
1011,A320,,,
1012,A320,,,
1013,A320,6.274228012000001,,
1014,A320,,,
1015,A320,,,
1016,A320,,,2134.9387690000003
1017,A320,,103.66188149999999,1292.6759279999999
1018,A320,8.377177631,,
1019,A320,,,
1020,A320,11.89233803,,
1021,A320,,40.68406876,870.4378565999999
1022,A320,,64.39087967,
1023,A320,11.96478877,67.83561473,1373.454
1024,A320,,,
1025,A320,,,1780.518794
1026,A320,,,1379.210435
1027,A320,,,1762.801741
1028,A320,,57.71135732,
1029,A320,,,
1030,A320,,,1316.312357
1031,A320,,47.41639493,1714.574053
1032,A320,,43.13940769,
1033,A320,,,
1034,A320,,,1150.528696
1035,A320,,,
1036,A320,,,
1037,A320,14.2212354,,1153.208231
1038,A320,11.77829253,,
1039,A320,,31.51947026,1437.412045
1040,A320,,,
1041,A320,5.703070822999999,,1332.038703
1042,A320,,57.76063362,
1043,A320,7.046437339,46.07536554,
1044,A320,,,
1045,A320,7.604420584,,
1046,A320,,,
1047,A320,,,879.0576764
1048,A320,,22.63965093,1676.459848
1049,A320,10.69539271,48.10118029,
1050,A320,,,
1051,A320,,,1800.906903
1052,A320,,,
1053,A320,,,1036.934366
1054,A320,,,817.8777348
1055,A320,,,1305.942138
1056,A320,14.24083093,,
1057,A320,,53.70067007,1721.176032
1058,A320,6.006033412000001,,
1059,A320,9.231726448,,
1060,A320,13.96696408,,
1061,A320,,,1854.841077
1062,A320,7.752070398,72.08512901,
1063,A320,,,
1064,A320,,,1535.79507
1065,A320,14.38151145,,
1066,A320,,,
1067,A320,,,
1068,A320,,,1102.08856
1069,A320,7.13160246,62.65975991,
1070,A320,,69.50387816,
1071,A320,,40.07733165,1697.646927
1072,A320,,,1278.7308150000001
1073,A320,11.12597648,,1455.025824
1074,A320,7.028864627000001,,1184.975905
1075,A320,,,
1076,A320,,,
1077,A320,7.13175647,,
1078,A320,9.018416251,,704.0031042999999
1079,A320,,59.547484999999995,
1080,A320,8.527931237,41.57345395,1509.662456
1081,A320,,,1301.377593
1082,A320,13.42891292,,
1083,A320,,66.31424223,1688.1406960000002
1084,A320,,32.38550865,1390.246721
1085,A320,13.41330659,,
1086,A320,10.71594555,69.80244359,
1087,A320,,,
1088,A320,10.09523934,54.24480418,
1089,A320,,,
1090,A320,,,838.7719088
1091,A320,7.074941393,,
1092,A320,,,
1093,A320,,,
1094,A320,,,
1095,A320,,,
1096,A320,,,
1097,A320,10.94658412,,
1098,A320,,,
1099,A320,,39.49228848,1587.1481
1100,A320,6.988881495,,
1101,A320,8.002270271,,
1102,A320,14.39975977,48.3353436,
1103,A320,11.66105402,,1551.649274
1104,A320,14.07995827,,2250.367771
1105,A320,,,
1106,A320,,,
1107,A320,6.826724639,45.53706892,
1108,A320,,,
1109,A320,,,
1110,A320,8.271810362,38.07691089,
1111,A320,8.387142282000001,18.204484,
1112,A320,9.236681877,,1584.331997
1113,A320,13.3895161,,
1114,A320,13.08846825,42.0277824,
1115,A320,,,
1116,A320,,,
1117,A320,,66.99194162,
1118,A320,6.751475859,,1021.1883140000001
1119,A320,11.70434899,56.9960831,1298.8145869999998
1120,A320,,,
1121,A320,10.85113023,62.33521308,
1122,A320,7.343138412,40.061982,
1123,A320,,,
1124,A320,,41.66472601,
1125,A320,14.20249017,39.3440926,
1126,A320,,,
1127,A320,4.895182775,,
1128,A320,,,
1129,A320,,,
1130,A320,10.7033647,,
1131,A320,6.346993972999999,,
1132,A320,,50.74471735,
1133,A320,,,
1134,A320,6.886748547000001,,
1135,A320,,,1834.625609
1136,A320,5.1915576969999995,,
1137,A320,,,
1138,A320,9.657844467,,
1139,A320,11.75705657,,
1140,A320,10.38521547,54.36713183,2052.059233
1141,A320,7.155337652999999,,1510.0041449999999
1142,A320,,,913.7424717
1143,A320,11.90917503,47.515541600000006,
1144,A320,13.24131493,,
1145,A320,,71.64284146,
1146,A320,,39.6173297,1037.372948
1147,A320,,,
1148,A320,12.97931144,,
1149,A320,10.96340623,,
1150,A320,8.632592459,,1656.0072539999999
1151,A320,,,909.2506504
1152,A320,,,
1153,A320,,39.34666289,
1154,A320,12.29395563,,
1155,A320,,,
1156,A320,,,
1157,A320,6.827526667000001,,
1158,A320,,48.36047703,
1159,A320,10.53994083,,
1160,A320,10.2178772,,1643.263931
1161,A320,,40.54178362,
1162,A320,,,1003.3073130000001
1163,A320,,,
1164,A320,,60.94305176,
1165,A320,,44.90165437,
1166,A320,8.721507188,62.77942339999999,
1167,A320,,56.18038584,1662.521111
1168,A320,7.841693618,,
1169,A320,,72.39508951,
1170,A320,,37.82607768,1606.23883
1171,A320,,,
1172,A320,,,
1173,A320,9.62467554,,
1174,A320,,28.88990669,
1175,A320,,32.4355582,
1176,A320,,,
1177,A320,6.742321379,44.50182448,
1178,A320,8.864016417,,
1179,A320,10.756403500000001,,1446.953037
1180,A320,,,
1181,A320,,,
1182,A320,11.94345392,,
1183,A320,12.50198157,,
1184,A320,12.07522213,,1209.000974
1185,A320,,,1132.578069
1186,A320,10.46274339,,955.5046030999999
1187,A320,12.86629032,,
1188,A320,,,
1189,A320,,,
1190,A320,,,
1191,A320,,,
1192,A320,6.807453821,,
1193,A320,,,
1194,A320,12.02387606,46.53372907,
1195,A320,,,
1196,A320,7.118769635,,
1197,A320,,,1276.730982
1198,A320,,,
1199,A320,,,
1200,A320,,,
1201,A320,,,
1202,A320,,,
1203,A320,,,
1204,A320,10.99899429,42.562249200000004,
1205,A320,,,
1206,A320,,,
1207,A320,,58.36780115,
1208,A320,,58.39666289,
1209,A320,11.84915876,,
1210,A320,,,
1211,A320,8.913080875,,
1212,A320,8.674423674,,
1213,A320,9.281378828,,1192.857166
1214,A320,,51.17731901,
1215,A320,11.34021619,,2029.5920370000001
1216,A320,,,
1217,A320,5.777780722,,
1218,A320,,,659.1195276000001
1219,A320,,,
1220,A320,,,1072.877215
1221,A320,,68.99536402,
1222,A320,,,1157.742993
1223,A320,14.69620707,,
1224,A320,,,1618.198758
1225,A320,,,1671.7785820000001
1226,A320,7.9923930489999995,65.01598472,
1227,A320,,,
1228,A320,,,1235.5969289999998
1229,A320,,,
1230,A320,6.96293043,,
1231,A320,,,
1232,A320,12.28785869,66.34847152,
1233,A320,5.287059653,,
1234,A320,,,2334.25034
1235,A320,13.13896504,,
1236,A320,23.74922308,,864.0144427000001
1237,A320,14.8730967,,1667.573059
1238,A320,7.559162943,,1058.861208
1239,A320,6.9125599,38.28912966,
1240,A320,,70.47726022,
1241,A320,,33.29540722,
1242,A320,7.017996737000001,47.6733125,1387.02776
1243,A320,,,
1244,A320,,53.88058253,
1245,A320,,,
1246,A320,13.34533059,41.65977077,
1247,A320,,,
1248,A320,8.454080346,,
1249,A320,9.822727992,,1957.166705
1250,A320,,,1541.431092
1251,A320,,,
1252,A320,9.902804527,,
1253,A320,,,
1254,A320,,47.62684061,
1255,A320,,,
1256,A320,12.51178935,,
1257,A320,10.39344775,,2146.250292
1258,A320,,,998.0110274
1259,A320,5.735944405,,
1260,A320,,,1919.8935850000003
1261,A320,,65.26631298,
1262,A320,13.28988435,,1556.5772539999998
1263,A320,8.229629117,,929.2890571
1264,A320,10.55297349,,1761.484166
1265,A320,,,
1266,A320,10.52733057,32.947559999999996,1387.503748
1267,A320,9.362999445,,
1268,A320,5.560189892,,
1269,A320,,39.82441825,
1270,A320,11.38272677,51.20703716,2075.141591
1271,A320,13.57533649,61.32762398,1730.480577
1272,A320,8.932626919,,1304.2486470000001
1273,A320,,,
1274,A320,13.10463038,32.43514746,1380.860948
1275,A320,,46.31829958,
1276,A320,,,1938.137402
1277,A320,8.865884775,,
1278,A320,,45.27243349,
1279,A320,,,
1280,A320,6.598667616,,1580.271865
1281,A320,6.115697217999999,62.62452826,
1282,A320,,,1434.450407
1283,A320,,,1141.972853
1284,A320,,,
1285,A320,,,823.650495
1286,A320,8.18331526,,855.8026784
1287,A320,8.434708211,,1243.051357
1288,A320,,,
1289,A320,,50.70384805,
1290,A320,,,
1291,A320,5.9134304570000005,,
1292,A320,,,
1293,A320,,41.45453192,
1294,A320,11.33968436,,
1295,A320,,,
1296,A320,,,
1297,A320,12.13363053,,
1298,A320,,,
1299,A320,12.81242414,,1336.697977
1300,A320,,29.16519584,1211.517998
1301,A320,,,
1302,A320,,,
1303,A320,,,
1304,A320,8.473383505,,1241.7230539999998
1305,A320,,,
1306,A320,,62.19650088,
1307,A320,,30.64842533,1614.248993
1308,A320,,63.4705853,
1309,A320,,,
1310,A320,,,
1311,A320,,,
1312,A320,12.22376596,,
1313,A320,,,
1314,A320,6.882257096,,
1315,A320,7.27939724,,1505.866898
1316,A320,,,1606.704649
1317,A320,,,
1318,A320,13.52450444,,1008.499958
1319,A320,,,
1320,A320,8.548345788999999,,
1321,A320,,,
1322,A320,,,
1323,A320,,81.28339607,2090.607692
1324,A320,6.9050100070000004,41.94523869,
1325,A320,,,
1326,A320,,66.60619078,2253.279608
1327,A320,,,1059.800067
1328,A320,6.978560066,,
1329,A320,11.06724432,,
1330,A320,,,
1331,A320,,61.91800264,
1332,A320,,42.12998754,
1333,A320,,,
1334,A320,,,
1335,A320,8.342764237,37.19354059,
1336,A320,,40.68103342,1853.7678
1337,A320,,,
1338,A320,,48.66682129,1394.7597269999999
1339,A320,,,
1340,A320,5.949064176,68.0575333,1131.338336
1341,A320,5.06700885,,
1342,A320,10.25888372,68.55823926,
1343,A320,,53.82547099,1569.595806
1344,A320,11.60420627,30.37883719,1948.889827
1345,A320,,32.08004923,
1346,A320,,72.36221746,
1347,A320,12.00972433,,2138.113386
1348,A320,,,
1349,A320,,72.00107354,
1350,A320,,28.2210567,1892.549906
1351,A320,,35.53863758,
1352,A320,,,
1353,A320,,67.58273114,
1354,A320,,,
1355,A320,,,
1356,A320,13.62533386,,1753.508932
1357,A320,,,
1358,A320,12.84628398,,1076.430346
1359,A320,10.23292679,42.19208655,840.9945933
1360,A320,,,
1361,A320,7.713007909,,
1362,A320,,,
1363,A320,,,
1364,A320,10.16502998,35.32619519,
1365,A320,,,
1366,A320,,,1904.339414
1367,A320,,30.69121843,
1368,A320,,,
1369,A320,,,
1370,A320,,,
1371,A320,11.81842468,,1320.521432
1372,A320,,,
1373,A320,,,1832.2750039999999
1374,A320,,,1526.145309
1375,A320,,,
1376,A320,,43.83296605,
1377,A320,,,
1378,A320,7.775451594,,
1379,A320,9.280550391,,
1380,A320,,39.25329678,1025.8995630000002
1381,A320,,,
1382,A320,,,
1383,A320,,,
1384,A320,,,
1385,A320,,,
1386,A320,,,
1387,A320,6.698494307000001,,
1388,A320,6.088011419,,
1389,A320,,69.54481842,
1390,A320,,,
1391,A320,,73.59697284,
1392,A320,,,
1393,A320,8.319664731,,1613.702399
1394,A320,,,1114.304301
1395,A320,12.77337189,53.49184992,
1396,A320,,,
1397,A320,,,
1398,A320,,,
1399,A320,,39.28191486,917.3482411
1400,A320,,52.08071695,1061.275932
1401,A320,,,1395.226674
1402,A320,,,
1403,A320,,,
1404,A320,,,
1405,A320,,,
1406,A320,,73.56251297,
1407,A320,5.552084827000001,,
1408,A320,10.55549364,,965.6443860999999
1409,A320,,53.19508678,1301.989031
1410,A320,7.08180328,,
1411,A320,,,
1412,A320,,47.34081444,
1413,A320,,38.9950756,
1414,A320,12.41746771,,
1415,A320,,,
1416,A320,,,
1417,A320,,,
1418,A320,,,
1419,A320,5.15724162,54.07056894,
1420,A320,7.309468053,,
1421,A320,,,
1422,A320,,36.50423046,
1423,A320,,,
1424,A320,,,
1425,A320,11.853638900000002,,1674.098826
1426,A320,,,2137.959434
1427,A320,,,
1428,A320,13.66334704,41.22556179,1185.942142
1429,A320,,66.93969415,
1430,A320,,,
1431,A320,,30.98869602,
1432,A320,7.242156332,,
1433,A320,,51.11287475,
1434,A320,,50.16931791,1302.240141
1435,A320,,,
1436,A320,10.98265262,,1722.622094
1437,A320,11.64260887,36.58168459,
1438,A320,,,2136.134677
1439,A320,,58.87168142,
1440,A320,,,
1441,A320,,,1988.552566
1442,A320,8.572206835,,
1443,A320,12.01670767,55.03966259,
1444,A320,,,
1445,A320,,,696.6931795
1446,A320,,56.50509469,1612.317608
1447,A320,,,2006.3527960000001
1448,A320,,,1843.124528
1449,A320,,,1598.0595
1450,A320,,,997.8346310000001
1451,A320,,,
1452,A320,,33.57285382,
1453,A320,,,2449.015369
1454,A320,,,
1455,A320,,46.92635069,
1456,A320,,73.45620724,
1457,A320,11.9339823,,1640.857731
1458,A320,10.27580871,,2117.51836
1459,A320,,,1978.783943
1460,A320,,,
1461,A320,6.859989555,,
1462,A320,,,
1463,A320,,,1354.398209
1464,A320,,,1746.38595
1465,A320,,,914.2319143999999
1466,A320,,,
1467,A320,26.63547588,,
1468,A320,,,
1469,A320,,23.7502643,
1470,A320,,,515.9006545
1471,A320,8.68921315,,1827.9906629999998
1472,A320,,,
1473,A320,5.57456878,,
1474,A320,,,
1475,A320,,,
1476,A320,7.618602769,,1215.8477050000001
1477,A320,,,
1478,A320,,,955.6093835
1479,A320,,,
1480,A320,,,
1481,A320,,,
1482,A320,,,
1483,A320,,,
1484,A320,6.632538669,39.18662598,
1485,A320,13.02733574,,
1486,A320,,,
1487,A320,7.353581762999999,47.51210641,584.3332843999999
1488,A320,,62.28160763,
1489,A320,,,1541.28973
1490,A320,6.786903454,,
1491,A320,5.849581664,53.79629786,
1492,A320,9.81859572,,1867.214336
1493,A320,,,1877.5015260000002
1494,A320,,,
1495,A320,,,1155.519942
1496,A320,,,
1497,A320,,,
1498,A320,7.948468251,,
1499,A320,11.71999138,61.48270641,
1500,A320,,,
1501,A320,,72.16153865,
1502,A320,,,
1503,A320,13.0045659,59.39168807,
1504,A320,,,
1505,A320,,,
1506,A320,11.42585465,,
1507,A320,,,
1508,A320,,,
1509,A320,,,1045.6178220000002
1510,A320,,,
1511,A320,,68.88725783,
1512,A320,,,
1513,A320,,58.65802476,
1514,A320,,62.07994926,
1515,A320,14.48375871,,
1516,A320,11.03194493,,
1517,A320,6.97763483,54.92078445,
1518,A320,12.50595287,,
1519,A320,,45.31324208,
1520,A320,11.01268981,,
1521,A320,,71.1352607,1992.4893780000002
1522,A320,,,
1523,A320,,28.83681932,1121.6679179999999
1524,A320,,,1603.227325
1525,A320,,,2328.862961
1526,A320,7.229674341,28.41938422,
1527,A320,,,956.1625742000001
1528,A320,11.16483816,,
1529,A320,8.9825599,49.86974283,
1530,A320,,,
1531,A320,11.92044995,,
1532,A320,11.72137883,38.85606462,1276.421233
1533,A320,,,1152.8000240000001
1534,A320,,65.90274125,
1535,A320,,65.47006479,
1536,A320,,,736.548841
1537,A320,,59.45522122,1394.1200789999998
1538,A320,5.0464957130000005,61.39258349,
1539,A320,,36.61268895,
1540,A320,,52.32410058,2076.539483
1541,A320,12.51076855,,1169.632355
1542,A320,,54.94588209,1323.90331
1543,A320,,48.48443539,
1544,A320,9.254411677,,1219.45099
1545,A320,,54.963173600000005,
1546,A320,,43.42793151,
1547,A320,,,
1548,A320,,34.41620625,1894.6934489999999
1549,A320,11.14982469,40.54026044,1389.093684
1550,A320,,47.143240999999996,
1551,A320,,38.34173265,
1552,A320,,73.90275115,
1553,A320,,36.63733148,718.2715591
1554,A320,,,
1555,A320,8.032797856,,1203.082574
1556,A320,,,
1557,A320,,19.97513072,1698.5075760000002
1558,A320,,,
1559,A320,6.466216796,,
1560,A320,,43.92202709,858.0028208999998
1561,A320,,,
1562,A320,,,
1563,A320,,,1367.4927369999998
1564,A320,,,1646.693622
1565,A320,,,
1566,A320,,45.31158,
1567,A320,13.52906322,31.52720559,827.6553273
1568,A320,,50.40871357,
1569,A320,14.42729846,,
1570,A320,8.955576897,,
1571,A320,,,
1572,A320,11.5054258,52.99126703,1214.490431
1573,A320,,,
1574,A320,,,
1575,A320,,,
1576,A320,,,1536.016149
1577,A320,,,
1578,A320,,,
1579,A320,,58.55446064,
1580,A320,,45.0658042,2079.284715
1581,A320,,51.91366531,
1582,A320,,,
1583,A320,,,
1584,A320,,,
1585,A320,,74.01860924,
1586,A320,,,2125.4433719999997
1587,A320,,40.74196463,
1588,A320,,,
1589,A320,10.04875876,,1788.2566940000002
1590,A320,,,
1591,A320,,36.40643022,2308.06283
1592,A320,,,
1593,A320,,,
1594,A320,,,
1595,A320,,,923.3736732000001
1596,A320,13.539331200000001,,
1597,A320,11.61399429,34.26644735,674.0138493
1598,A320,,,
1599,A320,,55.82164391,
1600,A320,,40.50023384,
1601,A320,,,
1602,A320,12.03838656,28.28934845,
1603,A320,,,1049.504985
1604,A320,,,
1605,A320,,,
1606,A320,7.334381907999999,32.99394101,
1607,A320,5.854334776,,
1608,A320,,,
1609,A320,,,
1610,A320,,,1479.96372
1611,A320,6.234039393,,
1612,A320,,,
1613,A320,,,
1614,A320,,,
1615,A320,,,2154.5055030000003
1616,A320,,,
1617,A320,,,1151.369808
1618,A320,,,
1619,A320,12.14995405,,
1620,A320,,39.1822704,
1621,A320,,,
1622,A320,,,
1623,A320,9.235895114,64.14414502,
1624,A320,,31.96981842,
1625,A320,,,
1626,A320,,64.24671696,1176.4605119999999
1627,A320,,26.63196669,
1628,A320,,24.40449537,
1629,A320,11.10040899,,1288.3780980000001
1630,A320,,,1916.7165519999999
1631,A320,,26.99508486,
1632,A320,,,
1633,A320,14.26469606,,1045.544846
1634,A320,,44.96325098,
1635,A320,,,1658.036288
1636,A320,,,
1637,A320,,,
1638,A320,14.14912489,,1430.822882
1639,A320,13.02941706,,
1640,A320,,,1894.9038170000001
1641,A320,,,
1642,A320,,,
1643,A320,,,
1644,A320,,,1324.970983
1645,A320,13.82367104,42.61652181,1045.2368470000001
1646,A320,,,1182.72304
1647,A320,,,
1648,A320,11.22674986,57.10362648,
1649,A320,10.02966981,,
1650,A320,7.42304722,35.74416667,1372.406904
1651,A320,,,
1652,A320,,,
1653,A320,7.214067667999999,,1809.3413289999999
1654,A320,,,
1655,A320,7.242699478,27.3166155,
1656,A320,,59.28588697,
1657,A320,13.65561527,44.84548871,
1658,A320,,,
1659,A320,12.99224013,,
1660,A320,,,
1661,A320,5.8600886260000005,,
1662,A320,,,
1663,A320,,,
1664,A320,,,
1665,A320,,,
1666,A320,,,
1667,A320,,,1139.939436
1668,A320,,,
1669,A320,8.971303775,57.71131501,
1670,A320,,,1555.590525
1671,A320,7.268151467000001,,
1672,A320,,45.10918551,
1673,A320,8.061929755,71.05077803,
1674,A320,6.937870536,,1349.472473
1675,A320,8.231579952,,2329.201477
1676,A320,,,1500.916799
1677,A320,,47.70174557,1301.02925
1678,A320,,,
1679,A320,,,
1680,A320,13.3895076,,
1681,A320,,77.8814495,1819.983226
1682,A320,,,
1683,A320,6.845082785,78.19893017,
1684,A320,,,
1685,A320,6.441359442,,
1686,A320,8.091353497,,
1687,A320,8.48127038,,
1688,A320,,31.06852964,2054.9974230000003
1689,A320,7.413478423,,
1690,A320,8.764802138,,
1691,A320,7.4561543189999995,68.49689102,
1692,A320,11.15026255,,
1693,A320,,,
1694,A320,14.86167546,,
1695,A320,,30.90509469,
1696,A320,,,
1697,A320,10.62016563,34.79108847,1947.308441
1698,A320,9.213416627,47.41276314,
1699,A320,,,972.4303344000001
1700,A320,10.97808596,38.25249807,
1701,A320,,,
1702,A320,7.551125418,42.41178008,1786.7015170000002
1703,A320,13.21637883,,1004.5498060000001
1704,A320,,,
1705,A320,,70.41061941,
1706,A320,,,1715.69735
1707,A320,,,
1708,A320,,57.61085941,
1709,A320,13.88544425,,
1710,A320,,,
1711,A320,,,
1712,A320,,59.02203765,2160.858999
1713,A320,,63.06398962,
1714,A320,11.11679882,72.40749091,
1715,A320,,27.61980418,1557.758752
1716,A320,,,1988.6596989999998
1717,A320,,,
1718,A320,,,
1719,A320,,,
1720,A320,,58.50115509,2287.8593260000002
1721,A320,,,
1722,A320,,,
1723,A320,,60.00577985,2144.4241230000002
1724,A320,11.98380114,23.90830279,
1725,A320,,,
1726,A320,,57.60544803,
1727,A320,,60.57963927,
1728,A320,,,
1729,A320,6.837312988,,1902.151609
1730,A320,,,
1731,A320,,,918.6979941
1732,A320,,,
1733,A320,10.349420199999999,,
1734,A320,,40.40544256,2216.004245
1735,A320,5.321602337,50.01526762,
1736,A320,9.378685564,,
1737,A320,,,1487.497736
1738,A320,,,
1739,A320,12.86662437,70.15317015,
1740,A320,7.945161575,,
1741,A320,,62.63000507,1031.882999
1742,A320,,,1686.0086059999999
1743,A320,,,
1744,A320,,69.20938014,1376.185496
1745,A320,12.67967904,,
1746,A320,,,980.9830198999999
1747,A320,8.725716854,,
1748,A320,,23.54611102,949.3063043999999
1749,A320,10.94699988,,
1750,A320,,21.41434845,
1751,A320,,61.66036263,1224.195401
1752,A320,,,1587.9752230000001
1753,A320,,,
1754,A320,,,1966.8732559999999
1755,A320,9.159954052,52.41696463,
1756,A320,,,
1757,A320,,,1991.8713420000001
1758,A320,,,
1759,A320,14.19840823,33.70721127,
1760,A320,,,1418.955049
1761,A320,,,
1762,A320,,,
1763,A320,,75.14280947,
1764,A320,,,2440.465678
1765,A320,,,1579.170957
1766,A320,,40.06504184,
1767,A320,10.12388402,72.5672055,1227.34819
1768,A320,,,
1769,A320,,,
1770,A320,,,
1771,A320,,,
1772,A320,,48.8071658,
1773,A320,11.69299465,,
1774,A320,,,
1775,A320,,,
1776,A320,9.972109348,,1110.847079
1777,A320,,,
1778,A320,,51.18685332,940.5493938999999
1779,A320,,,946.9162364
1780,A320,10.73675188,,
1781,A320,,,
1782,A320,8.06267305,,
1783,A320,,,
1784,A320,,,
1785,A320,,,
1786,A320,,,
1787,A320,,,2221.435952
1788,A320,,,
1789,A320,,,
1790,A320,14.15741781,,
1791,A320,,,
1792,A320,7.054067481000001,,
1793,A320,,31.33314101,
1794,A320,,,
1795,A320,,49.78683925,1714.425245
1796,A320,,,
1797,A320,,,1796.065829
1798,A320,,,
1799,A320,,,
1800,A320,,,
1801,A320,,,
1802,A320,,,1115.763634
1803,A320,,,
1804,A320,,,1799.668589
1805,A320,,,
1806,A320,,,
1807,A320,9.506303081,,
1808,A320,9.30678777,,
1809,A320,,,1898.942939
1810,A320,,,
1811,A320,10.19414702,,
1812,A320,,,
1813,A320,,,
1814,A320,,66.609603,
1815,A320,,49.46004697,
1816,A320,,,
1817,A320,,,1913.1170730000001
1818,A320,10.2016226,,
1819,A320,,39.9185171,1486.764198
1820,A320,9.426471982,,
1821,A320,,,
1822,A320,,,
1823,A320,7.021453309,,
1824,A320,13.34009788,36.26357884,1851.4063879999999
1825,A320,,,1943.650873
1826,A320,,,
1827,A320,,52.609603,
1828,A320,,35.53875268,
1829,A320,,39.9367939,
1830,A320,5.449554441,,
1831,A320,6.260366892,,
1832,A320,11.74604463,,
1833,A320,,,
1834,A320,,,
1835,A320,14.50332478,,
1836,A320,,73.058613,
1837,A320,,,
1838,A320,,,
1839,A320,12.76778166,,
1840,A320,11.92116303,54.99252841,
1841,A320,,36.02926486,
1842,A320,,66.4320673,
1843,A320,6.5977114839999995,,
1844,A320,,37.34215952,
1845,A320,,,
1846,A320,,,
1847,A320,,,
1848,A320,8.440692917,32.80398846,492.2452936000001
1849,A320,,48.68908668,
1850,A320,,,2043.149291
1851,A320,5.415865032,,
1852,A320,,73.14738158,
1853,A320,,,
1854,A320,5.310861481,,1121.7679890000002
1855,A320,,,
1856,A320,14.0530334,,
1857,A320,,,
1858,A320,10.11097419,,
1859,A320,11.82468904,,
1860,A320,,38.643344299999995,1469.270033
1861,A320,,,
1862,A320,,,
1863,A320,,,
1864,A320,7.106145296,63.31921187,1833.672021
1865,A320,,61.98336148,
1866,A320,,,2188.842551
1867,A320,,,
1868,A320,,,
1869,A320,,,1537.8250679999999
1870,A320,,,
1871,A320,,,
1872,A320,,,1011.814767
1873,A320,,,
1874,A320,8.181341279,,
1875,A320,,,
1876,A320,,79.68677925,
1877,A320,,30.83709992,
1878,A320,,,
1879,A320,,78.75185844,1855.288268
1880,A320,,,
1881,A320,,,
1882,A320,,,
1883,A320,,,1685.1590879999999
1884,A320,,,
1885,A320,6.702986036,,
1886,A320,,,1644.286708
1887,A320,,55.27106642,
1888,A320,,,1481.32824
1889,A320,,48.89611224,
1890,A320,9.644071569,62.39867204,
1891,A320,,,1693.497575
1892,A320,,,1332.665193
1893,A320,5.423937254,,
1894,A320,11.41555421,49.41661349,
1895,A320,12.42612319,,1377.002877
1896,A320,9.145120138,,2048.9806670000003
1897,A320,9.367320875,,
1898,A320,,,
1899,A320,,,
1900,A320,,,
1901,A320,,,
1902,A320,,,
1903,A320,,,
1904,A320,,,1031.3071009999999
1905,A320,,,
1906,A320,,,1847.0252920000003
1907,A320,,42.26735663,
1908,A320,10.20092904,,3109.487064
1909,A320,,,
1910,A320,,60.47508518,
1911,A320,,,1916.440179
1912,A320,,,1248.137776
1913,A320,,,1245.102214
1914,A320,7.971848525,,
1915,A320,6.229689844,,
1916,A320,,,
1917,A320,12.16631299,,
1918,A320,7.244369389,,1512.8388630000002
1919,A320,,52.829758,
1920,A320,,,1483.5949369999998
1921,A320,,,
1922,A320,,,
1923,A320,,32.95612653,1961.918255
1924,A320,,35.96850646,883.6253194
1925,A320,,37.16114717,1702.300001
1926,A320,,31.71904375,
1927,A320,,,2481.126684
1928,A320,,69.03564953,2272.453004
1929,A320,9.963177573,,
1930,A320,,,1772.246955
1931,A320,9.504667523,,1195.763902
1932,A320,,,
1933,A320,8.198122843,,
1934,A320,10.274366,56.42969567,
1935,A320,,,
1936,A320,5.5311727379999995,,
1937,A320,5.944367969,48.03789395,
1938,A320,6.987684497999999,,864.9539301000001
1939,A320,,,
1940,A320,9.953289537,49.10023343,
1941,A320,,59.53859775,
1942,A320,13.314542999999999,,
1943,A320,,32.64251938,1149.383516
1944,A320,,36.25410963,
1945,A320,,,
1946,A320,9.919844055,,
1947,A320,,,1470.345083
1948,A320,,38.50988915,
1949,A320,,,
1950,A320,,,2379.4399120000003
1951,A320,,,
1952,A320,,,440.5648202
1953,A320,,,
1954,A320,,58.03571609,
1955,A320,8.255330135,,
1956,A320,,,
1957,A320,11.36473364,38.06064953,795.4887984000001
1958,A320,,39.42867581,
1959,A320,,,
1960,A320,,,
1961,A320,,33.32984315,
1962,A320,8.062252354,39.72383441,
1963,A320,6.583390532999999,20.85896553,1075.842997
1964,A320,14.82614828,60.14075818,
1965,A320,9.786616823,,
1966,A320,,26.24605908,
1967,A320,,,
1968,A320,,,
1969,A320,,,
1970,A320,5.384109566,,
1971,A320,12.61357635,,
1972,A320,,,1107.193212
1973,A320,,,
1974,A320,7.251134303,60.92205381,
1975,A320,6.444695256,,
1976,A320,,44.49988297,
1977,A320,,,
1978,A320,8.478421358,63.378149699999994,
1979,A320,,32.84411636,1157.8928740000001
1980,A320,,70.31345554,
1981,A320,,,
1982,A320,5.508125636,,992.3275841
1983,A320,9.348897167,,
1984,A320,,,
1985,A320,,,
1986,A320,10.74961052,49.36617796,1552.6679060000001
1987,A320,5.77360235,,1798.312724
1988,A320,,,2247.3568609999998
1989,A320,,,770.8655288
1990,A320,13.99737246,,
1991,A320,,,
1992,A320,,,
1993,A320,,,
1994,A320,13.17779854,,
1995,A320,16.63918854,,
1996,A320,7.587437329,,
1997,A320,,,803.8478342
1998,A320,,,2272.659807
1999,A320,,601.1214418,
2000,A321,,,2631.7366190000002
2001,A321,,,
2002,A321,,,
2003,A321,,,2098.865275
2004,A321,,,
2005,A321,10.39388169,,
2006,A321,10.6710082,,
2007,A321,,28.36762854,
2008,A321,,59.19045644,
2009,A321,12.36608947,,
2010,A321,,,1244.866272
2011,A321,,,1905.480853
2012,A321,,,1719.9627690000002
2013,A321,,,
2014,A321,,,
2015,A321,,65.24772988,1753.911998
2016,A321,,81.98858293,
2017,A321,,170.7269786,
2018,A321,14.72942367,46.68755823,
2019,A321,12.33913278,53.09097183,
2020,A321,,,
2021,A321,,46.32257784,1105.170126
2022,A321,,,
2023,A321,10.05520926,,1946.762003
2024,A321,,,
2025,A321,,,2013.086016
2026,A321,,,
2027,A321,11.48943982,,1250.669276
2028,A321,,,
2029,A321,7.8524400729999995,,1994.56346
2030,A321,,,
2031,A321,,,
2032,A321,10.24767789,61.64669365,2103.502798
2033,A321,,40.11648744,1957.955984
2034,A321,,,
2035,A321,,47.89812568,
2036,A321,,,
2037,A321,10.91403932,,
2038,A321,,75.59456559,1451.1792779999998
2039,A321,,,1989.660954
2040,A321,11.91856836,,1431.840355
2041,A321,,,1697.376964
2042,A321,10.60839538,,
2043,A321,,,
2044,A321,,54.51974104,
2045,A321,,62.62621007,
2046,A321,,59.29115758,
2047,A321,,,
2048,A321,,,
2049,A321,,,
2050,A321,,64.89634904,
2051,A321,,,
2052,A321,9.532580416,,2023.34976
2053,A321,,68.82361325,
2054,A321,9.01812993,,1785.6210010000002
2055,A321,,,
2056,A321,11.38630929,46.86891173,
2057,A321,,,
2058,A321,,,
2059,A321,,51.91224696,
2060,A321,10.25628603,69.94843437,
2061,A321,,,
2062,A321,10.34480943,60.359674,
2063,A321,,,2065.192728
2064,A321,,,
2065,A321,,,
2066,A321,15.79350093,,
2067,A321,,52.34697641,2002.257757
2068,A321,14.83018996,,
2069,A321,,66.72778052,1252.458667
2070,A321,,,2639.3912210000003
2071,A321,,,
2072,A321,,,
2073,A321,14.36520195,66.49346028,2034.7894609999998
2074,A321,14.48361149,,2554.388689
2075,A321,,,
2076,A321,,,
2077,A321,16.29697792,63.06820481,
2078,A321,,,
2079,A321,,,
2080,A321,,,2040.5733559999999
2081,A321,,,1271.5967699999999
2082,A321,,78.73103635,
2083,A321,,,
2084,A321,,,
2085,A321,,,
2086,A321,,69.33431027,2056.170865
2087,A321,,,2475.396728
2088,A321,11.31158492,,
2089,A321,,,
2090,A321,,69.20308427,
2091,A321,,,
2092,A321,,61.98529755,
2093,A321,,,2089.9941870000002
2094,A321,,70.06751523,
2095,A321,,52.97535493,2374.381884
2096,A321,,,
2097,A321,,,
2098,A321,7.783055645,,1906.2767010000002
2099,A321,,77.04401766,
2100,A321,10.84980997,,2281.919561
2101,A321,,,
2102,A321,,,
2103,A321,12.99813937,,
2104,A321,,,
2105,A321,9.810350553,,
2106,A321,,54.20933154,
2107,A321,,,
2108,A321,,,
2109,A321,,,
2110,A321,11.07180888,,
2111,A321,,,1581.949343
2112,A321,,,2141.1326710000003
2113,A321,,,
2114,A321,,71.69485876,
2115,A321,8.394184936,,
2116,A321,,,
2117,A321,,,869.8292398
2118,A321,,,2412.614145
2119,A321,12.06725867,54.0973858,
2120,A321,10.44509522,,
2121,A321,,,
2122,A321,,,1878.3392170000002
2123,A321,,71.61729562,
2124,A321,,62.48399007,2524.034968
2125,A321,,72.21154509,1371.5330119999999
2126,A321,10.99788434,,
2127,A321,,,
2128,A321,12.45597223,,2013.2458960000001
2129,A321,,,
2130,A321,10.91859075,49.54239154,
2131,A321,,,
2132,A321,13.13005906,74.08863577,
2133,A321,14.05513243,,1690.4554269999999
2134,A321,9.975733642,48.60158256,
2135,A321,,60.45982501,
2136,A321,10.51717679,,
2137,A321,,70.67161291,
2138,A321,,,
2139,A321,7.525437033999999,,
2140,A321,,,
2141,A321,9.876779562000001,69.48431613,
2142,A321,12.92089466,73.76017493,
2143,A321,13.98167346,,2312.440597
2144,A321,,50.96154273,1082.925056
2145,A321,11.52700628,,1744.5306170000001
2146,A321,,,
2147,A321,,,
2148,A321,11.22171702,,
2149,A321,15.43011364,73.74339399,1859.374679
2150,A321,12.22933734,,
2151,A321,,74.90879699999999,
2152,A321,,62.28655302,1234.794526
2153,A321,,,
2154,A321,15.79439846,,
2155,A321,8.421733767000001,,2705.182901
2156,A321,,35.20708321,
2157,A321,,,
2158,A321,,67.51585752,
2159,A321,,,
2160,A321,,,
2161,A321,,,
2162,A321,,,
2163,A321,10.93451497,,1919.2064280000002
2164,A321,15.26532953,,1407.721869
2165,A321,10.38562907,38.00759186,1778.608512
2166,A321,,,
2167,A321,12.24452199,,
2168,A321,,,
2169,A321,,,
2170,A321,,,2481.256331
2171,A321,,,
2172,A321,,,
2173,A321,,,
2174,A321,,,
2175,A321,,,
2176,A321,,,1717.5998949999998
2177,A321,10.83239456,,
2178,A321,,,
2179,A321,,,
2180,A321,,58.657119099999996,
2181,A321,,,1640.566499
2182,A321,,,1733.780043
2183,A321,,45.8978674,
2184,A321,7.998087333,,2021.630611
2185,A321,,,
2186,A321,,61.11277321,1631.414302
2187,A321,10.47866648,40.27258145,1116.657659
2188,A321,,55.73452460000001,
2189,A321,,,
2190,A321,,,1075.711608
2191,A321,9.136838005,,
2192,A321,,,1209.0454220000001
2193,A321,14.49847094,70.28218398,2132.486063
2194,A321,,,
2195,A321,,,1921.593647
2196,A321,,,
2197,A321,15.33170597,,
2198,A321,,,
2199,A321,,,2315.6098309999998
2200,A321,,,
2201,A321,,,1842.2757420000003
2202,A321,,,
2203,A321,,,1617.876092
2204,A321,11.00336153,67.68445201,
2205,A321,,,
2206,A321,8.233933127,47.39688791,
2207,A321,8.95777995,,
2208,A321,,80.52268495,
2209,A321,13.21413412,,1719.3736370000001
2210,A321,13.77555135,47.68918441,1555.6139859999998
2211,A321,15.60772987,65.00206522,
2212,A321,,,
2213,A321,,,
2214,A321,,,
2215,A321,,45.14045696,1660.61159
2216,A321,,57.05961094,
2217,A321,,,2015.4010329999999
2218,A321,,59.06622871,1872.16227
2219,A321,,,
2220,A321,,,
2221,A321,,,1098.4435130000002
2222,A321,,,
2223,A321,11.47193447,,
2224,A321,,,1376.317404
2225,A321,12.75309249,79.56993257,1445.9621220000001
2226,A321,14.62593492,,
2227,A321,8.77807578,,
2228,A321,,,
2229,A321,,69.58544722,
2230,A321,12.24659773,48.4418647,
2231,A321,,,
2232,A321,,,1745.7393829999999
2233,A321,,,881.599166
2234,A321,13.98870794,68.86099301,
2235,A321,,57.3154417,1647.3711560000002
2236,A321,37.29112966,,
2237,A321,,,
2238,A321,,67.77315578,
2239,A321,,,
2240,A321,,,
2241,A321,,,
2242,A321,,,
2243,A321,10.79880444,,
2244,A321,,79.19762074,
2245,A321,12.25595252,,2189.020525
2246,A321,12.097909199999998,,
2247,A321,,,
2248,A321,,,
2249,A321,,,
2250,A321,,59.22281901,1709.4660170000002
2251,A321,,,
2252,A321,14.69195203,,
2253,A321,15.1056443,,
2254,A321,12.90807369,,
2255,A321,15.28711288,,1920.0232449999999
2256,A321,,68.93779098,1865.329866
2257,A321,,75.88248586,
2258,A321,10.16443982,52.68833388,
2259,A321,,77.29602829,
2260,A321,,43.22666288,
2261,A321,,,
2262,A321,,60.69259246,
2263,A321,,58.09408468,1887.2415420000002
2264,A321,,,
2265,A321,10.85472829,,1948.837507
2266,A321,,,
2267,A321,,,2476.455105
2268,A321,,,2233.216957
2269,A321,,,
2270,A321,,,
2271,A321,,,
2272,A321,,,2125.248083
2273,A321,,53.32990326,2408.371933
2274,A321,,,1960.8086230000001
2275,A321,,52.93696585,
2276,A321,,,
2277,A321,,,
2278,A321,,,
2279,A321,,52.01172448,
2280,A321,,,
2281,A321,,,
2282,A321,,,
2283,A321,,66.5989283,2358.2412280000003
2284,A321,,57.04265491,
2285,A321,,,
2286,A321,,,
2287,A321,,,1796.475218
2288,A321,,,
2289,A321,15.45840818,76.78914344,1806.193734
2290,A321,,54.74612816,2433.650369
2291,A321,,,
2292,A321,,,
2293,A321,10.98343397,,
2294,A321,,70.79066234,
2295,A321,,,
2296,A321,8.386047999,,
2297,A321,14.12775788,63.04653227,
2298,A321,16.324285500000002,62.463144400000004,
2299,A321,,,
2300,A321,8.426233234,,
2301,A321,,70.08207013,
2302,A321,,,
2303,A321,,42.00697259,
2304,A321,,,
2305,A321,,51.84198143,
2306,A321,13.78317412,63.80025631,
2307,A321,,,
2308,A321,8.238040833,,
2309,A321,,,
2310,A321,,46.66366578,
2311,A321,,,
2312,A321,,53.43629323,2268.9451719999997
2313,A321,,,1927.992286
2314,A321,,,
2315,A321,,,
2316,A321,9.894517237,,
2317,A321,,,
2318,A321,,,
2319,A321,,,
2320,A321,,,1959.023148
2321,A321,,,1290.292432
2322,A321,,,
2323,A321,12.90118773,,1981.2987890000002
2324,A321,,,
2325,A321,,81.90942249999999,1522.955322
2326,A321,,,
2327,A321,,,
2328,A321,8.30273674,54.08527721,
2329,A321,,,2011.054864
2330,A321,,51.33295386,
2331,A321,13.17645371,,2284.453666
2332,A321,,,
2333,A321,,,
2334,A321,,,
2335,A321,12.95056688,,1473.111335
2336,A321,,,
2337,A321,,49.95409631,
2338,A321,13.41116454,78.28265728,1860.9331320000001
2339,A321,,,
2340,A321,,69.37237036,
2341,A321,,,
2342,A321,,,
2343,A321,10.49087424,66.14218149999999,1081.280375
2344,A321,15.24317481,,
2345,A321,,,
2346,A321,12.05909642,,
2347,A321,,,
2348,A321,11.63847232,70.43903899,1369.165476
2349,A321,,,
2350,A321,,,
2351,A321,,,
2352,A321,9.890898233,71.61981027,
2353,A321,11.20958444,55.94318989,1437.088428
2354,A321,,,
2355,A321,9.681386534,,1798.565384
2356,A321,,,
2357,A321,13.34531746,,
2358,A321,,67.117403,
2359,A321,,,
2360,A321,,61.40274338,
2361,A321,,,
2362,A321,12.20870376,51.26904218,
2363,A321,14.161432999999999,67.93104266,
2364,A321,,,1527.931599
2365,A321,,,
2366,A321,,52.05634071,
2367,A321,10.811369000000001,54.48391173,2307.0557
2368,A321,,,
2369,A321,,,
2370,A321,,,
2371,A321,13.81972107,,
2372,A321,12.13350328,,1191.392092
2373,A321,,,
2374,A321,,59.24644353,
2375,A321,,,1681.7573280000001
2376,A321,,,2143.810167
2377,A321,,66.98017493,1621.192359
2378,A321,,,
2379,A321,,,1718.3552280000001
2380,A321,,40.99797746,
2381,A321,,49.38385707,
2382,A321,,,
2383,A321,,,
2384,A321,,,1901.4379559999998
2385,A321,,,1742.0620149999997
2386,A321,10.58480946,50.71434588,
2387,A321,,,2044.719647
2388,A321,11.64277995,,
2389,A321,12.91839035,53.56965068,
2390,A321,,,1864.108063
2391,A321,,80.47825808,
2392,A321,,,
2393,A321,12.41946987,,
2394,A321,14.57815285,,
2395,A321,11.25627191,,1618.553964
2396,A321,,80.86393465,1094.981555
2397,A321,,,1754.789078
2398,A321,12.38104011,,2061.633058
2399,A321,,68.44132950000001,
2400,A321,13.14441824,82.42093357,
2401,A321,,63.58999774,
2402,A321,11.15017903,,
2403,A321,,,
2404,A321,11.63405861,,
2405,A321,,59.54657732,
2406,A321,9.473715798999999,,
2407,A321,8.765801239,,
2408,A321,,,
2409,A321,,,
2410,A321,,,
2411,A321,,63.64623766,
2412,A321,,,1776.444823
2413,A321,,,
2414,A321,,,2362.616317
2415,A321,,,2227.159295
2416,A321,16.02266931,,
2417,A321,,,
2418,A321,,,
2419,A321,,,
2420,A321,,,1707.0096800000001
2421,A321,,,
2422,A321,,,1511.935447
2423,A321,,51.95066942,
2424,A321,,,1314.245032
2425,A321,13.62956363,40.4687227,
2426,A321,,76.86450957,
2427,A321,,,
2428,A321,,,1775.06432
2429,A321,13.38602474,,1732.882362
2430,A321,,,1688.510559
2431,A321,8.821952026,,
2432,A321,13.82008023,,1595.976289
2433,A321,,,
2434,A321,,74.72668126,
2435,A321,10.71599874,,
2436,A321,,,
2437,A321,11.23238071,,
2438,A321,10.11241435,49.21696819,1855.2338300000001
2439,A321,11.49193586,,
2440,A321,,62.73499651,
2441,A321,12.74245138,52.19904256,
2442,A321,,,2015.1151969999999
2443,A321,,,
2444,A321,,,
2445,A321,,79.73020720000001,
2446,A321,,,
2447,A321,,,1896.6404699999998
2448,A321,,,
2449,A321,,,
2450,A321,13.63795733,57.45390383,1792.7454870000001
2451,A321,,,
2452,A321,,,2045.2750859999999
2453,A321,,,
2454,A321,,,
2455,A321,,,
2456,A321,,,2150.225151
2457,A321,,,
2458,A321,10.62480289,53.55085752,
2459,A321,,,
2460,A321,12.01305809,,
2461,A321,,,
2462,A321,22.83344224,,
2463,A321,,,2039.55005
2464,A321,,,1841.3917850000003
2465,A321,15.29511146,,
2466,A321,9.008148633,,
2467,A321,,63.82652063,
2468,A321,,49.68235931,
2469,A321,,,
2470,A321,12.17637159,,
2471,A321,,63.81025612,
2472,A321,8.44062332,,
2473,A321,14.66594738,,1683.472552
2474,A321,15.48849047,60.02397511,1745.678829
2475,A321,11.24549903,,2486.292062
2476,A321,,64.87384171,
2477,A321,,43.95355637,
2478,A321,,,
2479,A321,,,
2480,A321,11.21924501,,1534.8329099999999
2481,A321,,,
2482,A321,9.332574912,,
2483,A321,16.158717000000003,,
2484,A321,15.82057264,,1097.79854
2485,A321,11.81672509,,1927.6242579999998
2486,A321,13.65334844,52.75052727,1174.601704
2487,A321,15.666826,,
2488,A321,9.60043306,,
2489,A321,15.85802746,63.63727457,
2490,A321,,62.55474689,
2491,A321,9.141779527,81.0895975,
2492,A321,,,
2493,A321,,,
2494,A321,,,1706.7086980000001
2495,A321,,,
2496,A321,,,
2497,A321,,54.67179628,
2498,A321,12.07557839,66.47899702,
2499,A321,,,
2500,A321,,,1444.988863
2501,A321,,68.67964097,
2502,A321,,,
2503,A321,,,2611.896576
2504,A321,12.03698852,,
2505,A321,,,
2506,A321,12.79217882,,952.9098644999999
2507,A321,,,
2508,A321,9.364349443,,1528.309439
2509,A321,,,1776.949566
2510,A321,13.13459923,,2035.263361
2511,A321,,,
2512,A321,,,
2513,A321,,,
2514,A321,,,1211.031623
2515,A321,14.66451853,,
2516,A321,,,
2517,A321,,,1701.816998
2518,A321,,34.57247872,
2519,A321,13.45112207,,
2520,A321,,,2335.43647
2521,A321,,62.13129283,
2522,A321,12.89138174,,2262.021177
2523,A321,,,618.0280488
2524,A321,,66.07857814,1868.737193
2525,A321,,,
2526,A321,,,2261.823548
2527,A321,,76.44097519,
2528,A321,14.673949599999998,,
2529,A321,,60.35737393,
2530,A321,,,
2531,A321,,,
2532,A321,10.79342446,,
2533,A321,,,
2534,A321,,,
2535,A321,,,1825.720265
2536,A321,10.14546413,,
2537,A321,10.75796136,,
2538,A321,,64.72808771,
2539,A321,,40.26928852,
2540,A321,,,
2541,A321,10.662467999999999,,1999.288198
2542,A321,,,
2543,A321,,,1307.4232849999999
2544,A321,,38.97169945,
2545,A321,,,1072.293648
2546,A321,8.919859501,,
2547,A321,,,
2548,A321,9.542092956,,
2549,A321,9.643461407,,
2550,A321,10.14509946,,1663.730775
2551,A321,16.23432348,,
2552,A321,,69.82842681,
2553,A321,,,
2554,A321,,,
2555,A321,,50.96877757,
2556,A321,,,
2557,A321,,,1675.735705
2558,A321,,,2015.7298210000001
2559,A321,,54.62285673,1870.105991
2560,A321,,,
2561,A321,,,1151.774752
2562,A321,,49.243562299999994,
2563,A321,,,
2564,A321,,67.1606593,
2565,A321,8.98175166,77.11247623,
2566,A321,,69.59235535,1767.215376
2567,A321,,,
2568,A321,,,
2569,A321,,,1590.591505
2570,A321,,56.33344842,
2571,A321,,75.62551609,
2572,A321,,,2445.237457
2573,A321,,,
2574,A321,9.523527041,44.77770518,
2575,A321,10.44139401,,
2576,A321,,,2086.079917
2577,A321,,,2297.670522
2578,A321,10.99869738,,
2579,A321,,59.727076100000005,1546.904218
2580,A321,,,
2581,A321,,,
2582,A321,,,
2583,A321,,67.16385529,1989.227383
2584,A321,9.459185533,,
2585,A321,,,1863.8175489999999
2586,A321,11.94298076,,
2587,A321,,,
2588,A321,,61.879845200000005,
2589,A321,9.190899584,,
2590,A321,,43.46268257,
2591,A321,12.07009033,,2992.447221
2592,A321,,,
2593,A321,,65.58541501,1520.7504470000001
2594,A321,,58.78836804,
2595,A321,,52.60383638,
2596,A321,12.03470918,,
2597,A321,,,1272.074774
2598,A321,,,2178.903337
2599,A321,12.3082513,78.95432112,
2600,A321,10.080531599999999,71.61536034,
2601,A321,,66.14710541,
2602,A321,,,
2603,A321,,61.02500206,1511.634013
2604,A321,,,2171.29322
2605,A321,,,
2606,A321,11.08884625,,
2607,A321,,,1817.8710649999998
2608,A321,14.02045533,,
2609,A321,15.92309249,,
2610,A321,,,
2611,A321,,62.85113333,
2612,A321,,,
2613,A321,,,1626.477789
2614,A321,,,
2615,A321,12.6773772,63.30326969,2289.245187
2616,A321,9.705989546,63.95128269,
2617,A321,,,
2618,A321,,,
2619,A321,,,
2620,A321,11.482368600000001,38.0390037,1816.3622309999998
2621,A321,,,
2622,A321,,,
2623,A321,12.20123717,,
2624,A321,,,
2625,A321,12.80089682,,
2626,A321,,,
2627,A321,15.16001345,59.57092370000001,
2628,A321,10.71952585,,1628.0553730000001
2629,A321,14.85595252,,2051.746702
2630,A321,,,1683.5961579999998
2631,A321,,64.88241483,
2632,A321,,,
2633,A321,14.92441655,79.90452364,
2634,A321,,,
2635,A321,,60.28072878,
2636,A321,14.59027018,50.9080796,1915.096875
2637,A321,,61.22036942,2670.004371
2638,A321,,59.43150004,
2639,A321,12.48936657,,
2640,A321,9.897955313999999,,
2641,A321,12.33065331,,
2642,A321,,66.10954389,
2643,A321,,,1999.5319559999998
2644,A321,,,
2645,A321,8.506418348,,
2646,A321,11.517814300000001,,
2647,A321,,,
2648,A321,,44.22722805,
2649,A321,12.85011127,71.96024247,
2650,A321,,,
2651,A321,,72.93510225,2376.170044
2652,A321,,,1321.293609
2653,A321,,54.51087786,2019.0161440000002
2654,A321,14.79147339,50.41936914,1917.95114
2655,A321,12.07795531,,1046.3103119999998
2656,A321,,,1883.0725149999998
2657,A321,,,
2658,A321,11.19640365,,
2659,A321,,,1347.185172
2660,A321,,,1359.337554
2661,A321,,53.61199624,
2662,A321,,60.88055908,
2663,A321,14.04769355,,2309.5645640000002
2664,A321,,,
2665,A321,,,
2666,A321,,,2105.105793
2667,A321,8.802581764,80.27283766,
2668,A321,,77.59157315,
2669,A321,,,1414.520232
2670,A321,,62.62866813,
2671,A321,,,2363.466219
2672,A321,,,1257.3046689999999
2673,A321,,,2292.878021
2674,A321,14.22507054,,
2675,A321,10.79083586,39.51847508,
2676,A321,11.193715800000001,,
2677,A321,13.31676649,,
2678,A321,11.41546896,68.4547118,
2679,A321,,,1677.9531960000002
2680,A321,14.208903,47.07334279,
2681,A321,,,
2682,A321,10.20650931,55.06808546,
2683,A321,9.764532912,,2175.736008
2684,A321,13.37468189,79.32113228,2072.202278
2685,A321,,,
2686,A321,,,
2687,A321,,,
2688,A321,,,
2689,A321,,,
2690,A321,14.21984794,,
2691,A321,13.90229752,72.71169731,
2692,A321,,70.48873438,2092.9408329999997
2693,A321,,,
2694,A321,,,2155.065972
2695,A321,,,
2696,A321,13.14617959,,
2697,A321,9.158709949,,
2698,A321,,,
2699,A321,15.02315102,49.38624519,
2700,A321,,,
2701,A321,14.687527900000001,54.30140984,
2702,A321,9.79403175,,
2703,A321,,,1873.2363579999999
2704,A321,,67.14731675,1251.9662349999999
2705,A321,,,
2706,A321,,70.94601742,1627.890978
2707,A321,10.37174313,55.89408291,
2708,A321,11.383966699999998,73.72200785,
2709,A321,,56.75015396,
2710,A321,,,2106.118446
2711,A321,,69.72469643,1709.79276
2712,A321,,,2607.078422
2713,A321,,,1825.4897489999998
2714,A321,,68.38570137,
2715,A321,9.630573738999999,55.68208074,
2716,A321,,67.95454012,1827.4117420000002
2717,A321,,,
2718,A321,,66.98270146,
2719,A321,,58.66547507,
2720,A321,,,
2721,A321,,,
2722,A321,,41.41258145,2001.072895
2723,A321,,,1659.785333
2724,A321,,,
2725,A321,14.56182082,,
2726,A321,,60.73956568,
2727,A321,11.65582712,66.27469787,
2728,A321,,66.64419508,
2729,A321,,,2534.539748
2730,A321,,,
2731,A321,,64.75735815,
2732,A321,,,
2733,A321,,,
2734,A321,,77.52200037,
2735,A321,,59.96973323,
2736,A321,,60.94901124,
2737,A321,,,
2738,A321,,55.96703833,
2739,A321,,,
2740,A321,,67.73218706,
2741,A321,15.68029009,59.09461001,
2742,A321,,,
2743,A321,,,2082.24213
2744,A321,,64.39234451,1621.7956869999998
2745,A321,12.85828521,,
2746,A321,,57.50271617,
2747,A321,,,2140.558302
2748,A321,,,
2749,A321,,37.14596659,
2750,A321,,,2044.2057719999998
2751,A321,15.53216335,,
2752,A321,,50.97372429999999,
2753,A321,,79.57742472,1369.972961
2754,A321,,,
2755,A321,9.889761059,,
2756,A321,,,1613.724216
2757,A321,,,
2758,A321,,,2446.460046
2759,A321,9.587228974,,1944.036811
2760,A321,,68.03079259,
2761,A321,,,
2762,A321,,70.37355721,
2763,A321,15.63386968,,
2764,A321,9.606265035,68.65918507,
2765,A321,,,
2766,A321,12.76054157,,1525.842177
2767,A321,,,
2768,A321,,,
2769,A321,,,
2770,A321,,,
2771,A321,,,
2772,A321,,,1989.3946190000001
2773,A321,,,
2774,A321,,65.7177296,1425.426608
2775,A321,12.16368566,,
2776,A321,,,
2777,A321,,,
2778,A321,10.89708164,,1318.810966
2779,A321,,,
2780,A321,,62.40376964,
2781,A321,,,1491.986646
2782,A321,,,1768.2128030000001
2783,A321,,70.4877194,
2784,A321,,,
2785,A321,,,
2786,A321,,,
2787,A321,,,
2788,A321,10.34089369,49.50611609,
2789,A321,11.28616184,,
2790,A321,,,2148.3603350000003
2791,A321,,52.21910332,
2792,A321,,,1616.379971
2793,A321,,,
2794,A321,,62.49449059,
2795,A321,,49.63436866,
2796,A321,,69.85619356,1958.676473
2797,A321,,69.31008899,
2798,A321,,52.61621459,
2799,A321,,,
2800,A321,15.55116496,,
2801,A321,,,1715.669417
2802,A321,9.038809335,,
2803,A321,,50.32070733,
2804,A321,,55.219338,
2805,A321,,,2210.046418
2806,A321,,,
2807,A321,,,
2808,A321,,59.11246365,
2809,A321,,,2368.7486670000003
2810,A321,8.113746942,64.11099594,
2811,A321,,79.10452549,
2812,A321,,77.39313306,
2813,A321,9.734879229,,
2814,A321,,,
2815,A321,,,
2816,A321,,,1299.060344
2817,A321,14.51330556,,
2818,A321,,,2298.7303699999998
2819,A321,11.61617421,68.03047919,
2820,A321,,56.79397227,
2821,A321,12.89860977,,2268.783394
2822,A321,,,1446.6703949999999
2823,A321,13.20402541,64.65405894,1537.446269
2824,A321,,,1764.351376
2825,A321,13.21214193,,1881.357964
2826,A321,,74.09624842,
2827,A321,,,
2828,A321,,,1864.691813
2829,A321,,63.39218796,
2830,A321,,,1215.184186
2831,A321,13.63282739,66.56577761,
2832,A321,11.40163432,45.47720781,
2833,A321,8.316838005,,
2834,A321,,,
2835,A321,,,1609.523861
2836,A321,12.44242985,,
2837,A321,,,
2838,A321,,72.56342346,
2839,A321,10.18099209,,
2840,A321,,,
2841,A321,,,1512.415393
2842,A321,14.20429046,60.57014712,999.1821749
2843,A321,,,
2844,A321,,,
2845,A321,,,
2846,A321,,,2448.018019
2847,A321,8.514211791000001,,
2848,A321,12.99580088,,1422.00157
2849,A321,12.74647537,,2330.892717
2850,A321,,54.21196083,
2851,A321,,,
2852,A321,,57.39542693,
2853,A321,,63.29700077,
2854,A321,12.57863749,,2303.04378
2855,A321,12.26392627,,2327.986227
2856,A321,,84.87233428,
2857,A321,,,2317.313681
2858,A321,,,1773.6616789999998
2859,A321,11.99412177,,
2860,A321,,84.12242472,
2861,A321,,,
2862,A321,,,
2863,A321,,69.50034688,
2864,A321,,,
2865,A321,,,
2866,A321,,,
2867,A321,,,2605.877411
2868,A321,,63.65731873,839.7807308
2869,A321,9.095306769,,
2870,A321,,,
2871,A321,,41.59957401,
2872,A321,,,
2873,A321,,,
2874,A321,,,
2875,A321,,,
2876,A321,12.23342446,72.92309494,2483.872246
2877,A321,,,1688.905625
2878,A321,9.720283672,77.55935627,1442.94335
2879,A321,,,
2880,A321,13.08461007,,
2881,A321,,,2239.819971
2882,A321,,,
2883,A321,,,
2884,A321,,74.47954706,
2885,A321,,,
2886,A321,,,
2887,A321,,,
2888,A321,,,
2889,A321,10.09195928,,
2890,A321,,,
2891,A321,,,
2892,A321,15.87414164,64.74734797,
2893,A321,,78.32276881,
2894,A321,,,
2895,A321,,,
2896,A321,,54.54546334,
2897,A321,,,
2898,A321,,,
2899,A321,,,2054.762829
2900,A321,10.58801748,,2205.43192
2901,A321,,56.13788375,
2902,A321,,,
2903,A321,11.01046857,,
2904,A321,8.237448582999999,,2339.479086
2905,A321,15.99807007,77.48273888,
2906,A321,9.911263498,,
2907,A321,,,1882.457483
2908,A321,15.13204503,,
2909,A321,10.64731256,,
2910,A321,9.127581764,,
2911,A321,,74.33468368,
2912,A321,9.507800725,,
2913,A321,11.41288315,77.11975912,
2914,A321,,,2341.500978
2915,A321,,,1688.4626210000001
2916,A321,6.775996659,50.07180019,2188.10842
2917,A321,,,
2918,A321,15.87872882,,1705.6860809999998
2919,A321,,60.21608957,
2920,A321,,,
2921,A321,10.0329246,,1546.847056
2922,A321,,52.64867174,
2923,A321,,,
2924,A321,,,1451.378775
2925,A321,,,
2926,A321,9.5938888,70.01164805,
2927,A321,,,2334.122415
2928,A321,,,
2929,A321,,,2225.61576
2930,A321,,,
2931,A321,,,
2932,A321,,,
2933,A321,,,1162.947376
2934,A321,,,
2935,A321,13.78283273,,
2936,A321,,,
2937,A321,,75.81110279,
2938,A321,15.43740267,,
2939,A321,15.392254999999999,,
2940,A321,,,
2941,A321,,,
2942,A321,,43.88921112,
2943,A321,,58.67009906,
2944,A321,,,1185.151706
2945,A321,,,
2946,A321,,,1880.361384
2947,A321,,,
2948,A321,,,2127.943612
2949,A321,11.70088057,,2018.068759
2950,A321,,54.7155779,
2951,A321,,75.5991033,1751.7069940000001
2952,A321,,,
2953,A321,,,
2954,A321,,,
2955,A321,,,
2956,A321,9.403439893,,1911.78929
2957,A321,11.46838191,,
2958,A321,14.84403293,,1034.170206
2959,A321,,,
2960,A321,10.41821268,,
2961,A321,,,1737.8842760000002
2962,A321,,,
2963,A321,,,
2964,A321,,,4036.399748
2965,A321,,66.70586084,
2966,A321,,,1408.468646
2967,A321,,,
2968,A321,,65.53710401,1929.501254
2969,A321,,77.26378721,
2970,A321,,,
2971,A321,,,
2972,A321,,,
2973,A321,,,1071.783958
2974,A321,,72.61804672,2143.757332
2975,A321,,71.11047954,2685.871023
2976,A321,,,
2977,A321,11.60551836,72.54365019,
2978,A321,,,
2979,A321,,,1763.978193
2980,A321,,,
2981,A321,,,
2982,A321,,,
2983,A321,,,
2984,A321,11.65385163,,
2985,A321,,,
2986,A321,,,2087.209503
2987,A321,12.62084492,,
2988,A321,9.365774468,,
2989,A321,8.333160433,75.58279367,
2990,A321,13.07016487,,
2991,A321,,,1838.334152
2992,A321,,,1005.1690060000001
2993,A321,,,
2994,A321,,,
2995,A321,,68.16452364,
2996,A321,,,
2997,A321,17.02368708,,
2998,A321,,,
2999,A321,,96.57783017,
