Aircraft_Type,Check_A_Part_Price,Check_B_Part_Price,Check_C_Part_Price
A319,48.55,66.2,1962.72
A319,6.644,11.92,800.85
A319,7.18,52.85,1369.37
A319,5.651,51.46,895.59
A319,8.889,35.05,892.04
A319,8.034,43.78,1240.06
A319,7.817,32.65,2132.78
A319,5.849,11.56,1913.35
A319,5.899,42.44,1262.32
A319,7.435,59.7,801.54
A319,9.586,29.02,751.16
A319,8.6,41.32,620.76
A319,9.175,11.82,1393.34
A319,6.038,34.6,1945.37
A319,7.755,25.48,2585.79
A319,7.818,54.44,1122.42
A319,8.105,63.78,1417.74
A319,8.447,341.71,516.78
A319,9.544,13.13,1796.69
A319,8.984,20.99,777.26
A319,6.074,36.24,2082.16
A319,7.699,24,479.48
A319,7.797,59.65,2049.79
A319,8.465,67.05,832.01
A319,7.041,54.53,1432.11
A319,6.818,44.89,1171.15
A319,8.664,25.23,785.73
A319,7.677,42.53,600.26
A319,73.39,15.59,1827.38
A319,6.309,26.02,1366.99
A319,8.954,19.83,2165.44
A319,7.416,19.07,1305.47
A319,9.25,41.48,1117.24
A319,6.776,4.19,1187.19
A319,9.412,67.95,1850.75
A319,5.715,17.58,683.78
A319,7.375,41.49,515.69
A319,8.164,36.55,2123.7
A319,8.656,64.76,798.69
A319,7.557,25.12,1106.86
A319,8.191,12.84,595.35
A319,8.427,29.07,1286.09
A319,7.134,48.8,1935.19
A319,8.101,44.82,775.25
A319,8.918,27.21,1777.87
A319,9.363,26.09,379.03
A319,7.965,30.05,232.27
A319,8.411,22.36,1134.92
A319,9.046,12.78,1106.26
A319,6.892,60.45,1494.71
A319,8.499,32.67,1217.56
A319,6.981,62.85,1726.75
A319,7.204,24.92,2097.04
A319,9.172,69.66,1200.07
A319,6.293,48.71,923.62
A319,6.438,68.65,2190.96
A319,9.402,17.24,880.98
A319,7.245,29.56,900.18
A319,6.85,4.42,967.9
A319,7.222,10.93,243.06
A319,7.726,47.47,213.72
A319,7.77,17.32,468.61
A319,8.008,50.79,65.64
A319,8.593,16.3,2013.39
A319,7.041,55.99,1341.07
A319,7.448,10.7,990.18
A319,8.163,65.51,559.31
A319,9.423,16.87,1920.76
A319,6.374,26.29,725.97
A319,6.336,42.9,589.64
A319,6.41,45.74,1988.38
A319,6.935,44.09,1375.1
A319,5.775,23.34,882.35
A319,6.748,38.79,1833.51
A319,8.462,38.49,1756.79
A319,8.824,50.08,1255.7
A319,7.699,36.32,255.54
A319,8.999,50.65,1462.16
A319,7.715,23.4,521.51
A319,7.21,42.7,1996.98
A319,7.729,21.86,990.63
A319,7.863,16.35,638.16
A319,6.175,53.25,1531.81
A319,8.685,64.28,757.68
A319,8.293,34.66,1211.88
A319,6.539,47.69,1546.52
A319,8.485,43.36,1505.31
A319,8.322,68.54,1852.34
A319,7.024,28.03,1819.05
A319,8.865,56.52,1706.76
A319,7.135,35.78,734.85
A319,6.745,21.1,534.64
A319,6.1,56.7,1282.06
A319,6.338,31.24,1544.03
A319,8.056,54.76,233.84
A319,8.686,25.29,1428.49
A319,6.706,68.67,988.11
A319,6.35,65.22,1160.33
A319,9.483,13.82,2014.63
A319,9.557,62.63,309.84
A319,6.8,61.27,1581.27
A319,7.588,17.43,308.44
A319,9.262,63.48,510.38
A319,7.205,64.46,1931.71
A319,6.644,69.43,1789.25
A319,6.478,43.52,1499.25
A319,9.215,27.12,1257.55
A319,9.508,25.97,1093.63
A319,9.383,23.38,1959.07
A319,6.508,39.5,460.77
A319,6.707,20.07,1394.44
A319,9.101,12.85,1241.91
A319,5.72,44.11,2117.02
A319,6.614,66.6,469.05
A319,8.673,63.06,2126.65
A319,6.312,36.58,1151.46
A319,7.106,42.17,1272.79
A319,6.993,59.37,226.84
A319,7.74,51.59,1637.24
A319,8.031,12.27,490.04
A319,8.343,13.24,1079.32
A319,7.77,57.19,1195.11
A319,8.25,35.83,1988.27
A319,7.526,65.23,1424.35
A319,7.976,47.03,1799.02
A319,8.28,55.29,1025.93
A319,8.649,11.3,298.11
A319,5.716,16.17,682.65
A319,5.898,14.71,1737.17
A319,5.717,28.71,1520.32
A319,7.53,22.06,2029.57
A319,6.521,35.61,1504.74
A319,7.99,64.4,631.74
A319,5.981,11.63,986.14
A319,6.169,15.72,429.26
A319,6.8,42.82,2039.93
A319,5.976,41.81,2125
A319,7.196,58.33,1679.83
A319,8.589,60.48,1859.33
A319,5.721,31.08,1635.98
A319,7.353,30.75,1847.99
A319,6.98,40.52,1889.23
A319,6.89,57.41,847.62
A319,9.277,14.55,2008.61
A319,7.311,30.79,573.5
A319,6.035,57.87,994.85
A319,8.45,20.38,888.7
A319,7.215,20.89,2159.09
A319,8.318,34.9,930.49
A319,8.493,45.05,1668.78
A319,7.759,40.68,1544.98
A319,9.488,66.43,1258.13
A319,6.866,36.29,463.17
A319,8.25,69.12,482.77
A319,8.109,14.49,509.33
A319,6.094,68.9,2088.09
A319,8.005,10.22,1160.26
A319,6.767,56.3,603.34
A319,8.147,37.16,2126.42
A319,8.645,69.89,387.67
A319,7.791,21.73,988.81
A319,6.062,25.36,1147.68
A319,8.697,50.13,1122.93
A319,9.447,55.21,1812.73
A319,7.88,25.86,231.7
A319,9.488,15.33,731.09
A319,9.336,32.23,1035.26
A319,9.023,13.52,715.63
A319,7.282,63.32,765.78
A319,7.876,69.42,1797.23
A319,6.411,62.47,1599.74
A319,7.943,59.48,309.45
A319,5.625,29.95,1650.21
A319,7.412,45.13,1504.3
A319,7.828,27.5,777.9
A319,8.284,44.28,1353.47
A319,7.114,41.32,731.86
A319,9.579,19.96,651.34
A319,8.141,64.99,1299.37
A319,8.931,35.71,1139.87
A319,8.874,50.55,1270.96
A319,7.477,38.63,886.78
A319,5.859,66.3,1096.44
A319,6.295,25.04,1473.43
A319,5.986,24.53,1421.31
A319,7.42,52.41,371.4
A319,8.786,49.09,1490.24
A319,8.964,17.38,627
A319,8.593,38.81,828.44
A319,6.579,67.06,2118.9
A319,9.386,58.61,322.28
A319,6.927,25.58,1130.12
A319,8.752,32.46,411.81
A319,7.054,59.15,1065.97
A319,9.31,37.08,673.12
A319,7.702,40.38,1091.69
A319,8.22,51.24,356.81
A319,8.262,16.87,867.18
A319,9.144,66.05,612.12
A319,8.912,60.17,2086.86
A319,9.226,61.7,1331.14
A319,6.608,27.64,964.48
A319,5.974,52.98,2048.1
A319,6.262,30.89,925.73
A319,7.304,67.56,1421.27
A319,8.878,12.35,1128.43
A319,5.602,23.05,1214.65
A319,8.106,40.08,1503.91
A319,7.818,69.12,1224.12
A319,7.64,29.87,1470.8
A319,7.425,19.98,464.29
A319,7.683,37.18,566.33
A319,5.621,43.35,1912.04
A319,6.605,10.77,577.65
A319,7.381,38.19,2039.53
A319,9.589,27.7,862.88
A319,9,45.63,230.97
A319,6.509,57.54,2165.18
A319,5.968,50.47,670.08
A319,8.949,40.54,2088.76
A319,9.24,65.4,1237.26
A319,6.418,31.65,299.53
A319,9.132,45.48,1149.8
A319,8.6,63.65,1464.13
A319,8.864,27.41,402.31
A319,8.839,60.38,1024.94
A319,9.237,48.99,542.6
A319,6.173,53.77,845.33
A319,6.902,53.74,1080.12
A319,9.367,62.8,944.99
A319,8.524,32.14,735.17
A319,5.777,40.84,1955.43
A319,7.361,39.71,750.17
A319,7.059,12.34,265.56
A319,7.923,67.19,1989.38
A319,8.724,44.78,1484.34
A319,79.78,34.22,816.16
A319,9.037,69.91,248.7
A319,9.482,44.54,1420.84
A319,6.199,25.23,1637.6
A319,6.501,59.22,707.03
A319,9.55,15.27,1389.47
A319,8.953,39.17,1869.02
A319,7.242,45.83,284.86
A319,8.927,64.64,265.94
A319,9.112,11.5,1137.79
A319,6.096,67.55,925.87
A319,8.469,18.01,1748.57
A319,6.757,30.06,1183.41
A319,9.019,56.41,1427.76
A319,8.182,47.94,791.92
A319,9.449,64.09,634.19
A319,6.681,14.62,260.25
A319,8.607,39.01,1143.78
A319,7.52,62.57,2102.66
A319,9.22,12.92,1435.47
A319,5.963,57.07,1130.3
A319,7.607,52.42,1314.11
A319,7.677,24.15,473.78
A319,6.029,67.51,2086.97
A319,8.077,16.94,1770.53
A319,7.976,61.37,223.57
A319,6.687,54.03,709.81
A319,9.415,17.86,1184.99
A319,9.341,66.02,1786.86
A319,6.425,46.71,1933.5
A319,5.883,42.54,1751.29
A319,6.624,53.96,1999.1
A319,6.276,29.4,2157.19
A319,6.291,40.96,1528.38
A319,7.225,55.52,2023.91
A319,7.158,47.58,1386.98
A319,6.227,34.38,1164.23
A319,6.003,17.94,1827.49
A319,5.768,44.77,1709.94
A319,9.22,17.5,1013.46
A319,7.279,47.85,1264.9
A319,9.368,36.03,603.22
A319,8.832,45.47,679.85
A319,6.553,21.3,250.14
A319,5.619,66.07,1600.75
A319,7.279,34.34,1285.62
A319,7.097,33.09,1747.36
A319,6.999,69.37,2170.26
A319,8.251,46.13,1826.33
A319,7.02,31.16,978.7
A319,6.215,33.91,886.52
A319,6.543,31.36,722.28
A319,7.929,39.39,2022.89
A319,8.2,68.64,1698.6
A319,6.224,21.67,1801.31
A319,8.171,35.65,570.58
A319,6.548,13.53,1913.39
A319,7.566,18.46,1075.96
A319,8.175,50.42,1428.93
A319,6.108,57.42,1052.5
A319,6.161,67.21,1271.05
A319,9.463,35.1,1055.75
A319,9.534,42.51,1238.75
A319,7.852,36.61,245.37
A319,6.671,13.81,1803.05
A319,6.673,63.63,867.83
A319,8.774,61.43,1969.47
A319,6.524,22.58,1656.43
A319,7.855,60.05,1230.51
A319,6.407,23.36,448.43
A319,9.425,30.83,475.75
A319,6.769,38.33,623.31
A319,5.717,29.68,1770.79
A319,7.109,15.88,405.35
A319,8.461,10.87,1944.5
A319,8.403,55.48,1252
A319,8.204,26.46,1489.33
A319,9.335,43.26,2067.32
A319,9.424,17.32,224.15
A319,9.38,43.83,1505.3
A319,9.215,25.89,1782.98
A319,9.501,58.84,1546.79
A319,9.466,30.17,1430.57
A319,8.02,20.54,1046.62
A319,8.607,62.92,1246.64
A319,9.349,68.51,561.69
A319,6.35,25.77,2018.76
A319,7.571,69.27,925.6
A319,8.192,39.7,1669.3
A319,7.103,63.08,730.85
A319,9.443,57.64,1909.74
A319,6.013,26.17,1110.24
A319,6.77,24.31,967.71
A319,6.06,11.51,863.61
A319,9.573,30.12,1778.59
A319,9.238,45.29,1812.21
A319,8.551,60.56,1776.68
A319,6.072,28.1,1624.93
A319,6.445,63.96,1978.08
A319,5.763,58.81,1084.66
A319,6.816,22.63,2053.62
A319,8.645,23.34,1305.03
A319,5.764,56.29,1562.57
A319,9.478,47.02,507.28
A319,6.065,38.13,1631.47
A319,6.45,37.77,930.99
A319,7.44,32.59,444.19
A319,5.94,46.73,275.07
A319,8.659,30.85,2114.18
A319,7.966,13.25,735.8
A319,7.722,37.39,1185.51
A319,5.971,62.13,1179.85
A319,6.983,61.61,593.62
A319,7.325,46.23,1265.65
A319,8.392,38.78,780.96
A319,9.5,25.6,292.95
A319,7.507,62.83,1587.12
A319,8.605,36.63,1187.43
A319,6.092,39.38,1076.28
A319,7.974,12.42,1721.59
A319,9.332,40.23,393.52
A319,8.531,16.39,851.11
A319,7.326,38.22,353.74
A319,7.121,69.51,1079.82
A319,6,32.87,1221.61
A319,8.443,65.85,2069.23
A319,8.66,13.23,1008.64
A319,9.509,55.47,1547.17
A319,6.673,29.03,793.47
A319,5.959,51.88,1102.97
A319,7.282,13.72,585.14
A319,6.997,17.24,1883.81
A319,7.454,17.46,1469.19
A319,5.779,67.65,1349.71
A319,7.009,27.41,1014.93
A319,9.428,26.88,889.76
A319,8.284,58.9,736.24
A319,6.031,44.52,1085.78
A319,6.32,25.85,330.99
A319,7.822,51.58,1311.93
A319,6.856,59.62,1472.61
A319,8.215,57.41,408.71
A319,5.905,27.4,1537.86
A319,8.647,48.18,790.94
A319,7.567,19.69,409.41
A319,9.082,33.32,1982.32
A319,6.602,21.6,1657.1
A319,7.662,48.06,2023.47
A319,5.77,24.51,1888.77
A319,9.365,42.81,1677.19
A319,8.928,20.71,1161.18
A319,6.828,28.26,2000.72
A319,8.106,58.31,1166.57
A319,7.575,39.39,1918.55
A319,7.918,26.91,1134.37
A319,9.384,69.53,2127.63
A319,5.684,54.9,1438.65
A319,7.906,45.66,842.33
A319,7.876,58.02,1972.72
A319,7.653,63.31,701.42
A319,6.38,69.79,477.84
A319,7.761,25.71,748.67
A319,6.298,58.93,2123.49
A319,7.156,56.53,771.14
A319,8.813,65.83,668.71
A319,5.644,58.92,1248.58
A319,8.986,28.61,2045.57
A319,9.333,36.46,1768.37
A319,6.03,20.76,2162.75
A319,8.005,27.71,1185.89
A319,6.337,49.15,592.16
A319,5.923,18.06,1264.45
A319,9.146,15.22,282.59
A319,8.257,36.89,1745.64
A319,9.235,16.17,1966.54
A319,5.686,59.96,343.6
A319,6.791,61.08,1113.58
A319,5.762,35.05,810.71
A319,9.545,25.17,1507.15
A319,9.088,39.64,1265.32
A319,8.943,56.2,1066.92
A319,6.481,66.58,359.65
A319,7.917,28.51,1210.62
A319,5.775,63.52,1663.14
A319,9.092,44.78,787.18
A319,9.488,29.66,421.23
A319,8.06,16.66,564.07
A319,6.732,28.2,1846.23
A319,8.492,49.85,452.89
A319,8.69,15.4,1868.33
A319,6.335,61.02,1578.3
A319,8.414,40.39,2180.59
A319,6.813,23.68,1718.55
A319,8.429,45.61,386.77
A319,9.362,59.78,477.88
A319,6.681,22.01,1353.22
A319,5.964,27.92,461.37
A319,9.161,17.03,2023.46
A319,6.579,59.19,2082.92
A319,7.607,12.03,424.86
A319,9.002,23.07,586.29
A319,7.728,11.36,1021.46
A319,6.787,27.36,1012.43
A319,7.527,21.57,584.57
A319,7.325,44.6,1019.55
A319,7.537,37.13,2129.23
A319,8.231,62.07,1117.44
A319,9.405,28.67,362.76
A319,6.398,25.06,946.67
A319,5.704,67.85,614.31
A319,7.59,31.47,383.95
A319,8.187,12.89,1070.63
A319,6.455,14.28,1794.94
A319,7.282,47.5,1826.96
A319,5.767,37.98,1306.31
A319,7.746,42.8,397.36
A319,6.008,18.87,1341
A319,6.697,29.56,2163.17
A319,6.199,53.53,1533.58
A319,8.258,67.92,871.83
A319,8.947,55.7,1336.21
A319,8.873,21.61,642.63
A319,7.769,37.16,997.96
A319,9.189,37.79,695.52
A319,8.014,19.72,840.01
A319,8.678,64.01,1134.78
A319,28.214,44.46,1331.67
A319,6.889,48.28,990.59
A319,9.424,57.35,695.76
A319,7.944,32.68,575.24
A319,8.302,46.9,1275.06
A319,99.02,44.65,659.28
A319,7.526,26.14,923.14
A319,6.969,23.56,703.21
A319,5.823,42.63,202.95
A319,9.465,57.4,580.62
A319,6.392,29.49,896.93
A319,6.802,65.99,948.68
A319,8.34,28.65,1419.49
A319,5.788,38.11,2127.07
A319,8.092,50.71,1982.81
A319,8.546,16.83,1629.84
A319,9.584,22.97,791.74
A319,7.236,20.22,701.5
A319,7.622,63.96,607.9
A319,8.652,28,267.26
A319,8.819,66.26,562.82
A319,8.945,20.8,1270.2
A319,8.588,47.78,593.08
A319,6.282,47.48,948.09
A319,7.412,36.43,355.73
A319,9.258,13.85,481.72
A319,8.503,63.27,290.53
A319,8.125,33.3,1622.3
A319,8.916,29.68,1462.75
A319,8.562,62.84,760.46
A319,8.955,24.61,832.68
A319,8.709,25.39,839.87
A319,6.484,50.84,576.1
A319,8.086,38.13,1756.02
A319,6.004,36.87,2049.08
A319,8.288,25.34,1795.81
A319,8.673,52.72,422.75
A319,7.658,54.34,745.09
A319,7.786,62.75,1132.37
A319,6.017,41.55,1230.61
A319,7.698,46.7,1965.54
A319,7.549,31.09,1943.07
A319,7.773,22.4,1391.43
A319,6.351,26.98,791.29
A319,7.446,14.38,261.88
A319,9.05,44.71,1344.13
A319,7.468,12.87,426.08
A319,8.349,44.41,427.6
A319,9.389,15.46,1973.32
A319,5.972,52.74,588.4
A319,5.791,57.89,1371.02
A319,7.102,11.57,542.31
A319,7.677,46.41,317.78
A319,9.515,15.17,760.89
A319,7.587,51.67,1938.17
A319,7.994,59.29,375.09
A319,7.325,12.63,1255.08
A319,9.247,18.69,2181.63
A319,7.285,43.04,1393.29
A319,6.581,38.29,1656.43
A319,8.931,35.28,1649.04
A319,8.29,11.66,519.81
A319,7.649,30.92,1832.37
A319,7.641,67.62,1879.97
A319,5.688,18.65,2084.1
A319,8.722,64.1,517.26
A319,6.303,20.24,1206.98
A319,6.199,43.74,723.04
A319,6.238,43.31,342.49
A319,7.384,22.82,1430.61
A319,6.605,14.72,1134.51
A319,6.267,14.76,1592.83
A319,5.998,63.94,278.4
A319,7.398,23.31,1170.49
A319,8.325,26.98,687.93
A319,6.876,14.86,1970.01
A319,5.773,33.89,1471.28
A319,7.738,18.53,1878.91
A319,6.45,18.66,1089.5
A319,7.07,62.64,1535.79
A319,6.702,51.53,2113.21
A319,6.893,24.85,784.64
A319,6.787,13.45,1339.13
A319,9.529,34.74,534.39
A319,6.897,61.8,2157.39
A319,9.551,28.7,1281.08
A319,9.143,34.46,517.83
A319,8.368,22.71,472.97
A319,6.185,36.81,960.15
A319,8.908,36.88,1856.37
A319,8.811,46.57,2181.29
A319,7.141,24.37,652.65
A319,8.921,30.65,880.77
A319,7.605,20.47,572.25
A319,5.826,40.47,705.6
A319,8.896,12.32,1316.56
A319,8.65,42.07,2197.43
A319,6.237,34.49,1605.39
A319,6.994,19.84,1137.01
A319,9.439,40.5,568.19
A319,8.08,24.63,1989.24
A319,6.077,34.63,1374.59
A319,7.699,55.59,699.43
A319,7.901,53.92,489.83
A319,6.283,62.22,1257.12
A319,6.231,20.68,973.14
A319,7.808,20.03,234.41
A319,8.768,37.11,1147.77
A319,7.815,37.37,1526.21
A319,9.467,49.27,1739.09
A319,5.69,39.92,1886.27
A319,5.881,13.53,1298.22
A319,7.648,10.47,1192.31
A319,5.924,21.83,1094.51
A319,7.971,62.05,2072.86
A319,5.968,42.68,1606.51
A319,7.01,54.89,968
A319,9.405,23.57,619.9
A319,8.281,15.07,2046.62
A319,7.28,58.98,1673.51
A319,7.332,29.1,1020.05
A319,5.946,40.51,1479.22
A319,8.36,16.28,1273.4
A319,9.189,54.47,963.7
A319,6.552,19.97,1329.33
A319,7.115,11.13,520.39
A319,6.003,27.65,1075.19
A319,6.272,13.99,836.01
A319,7.616,12.54,457.47
A319,9.594,46.75,4062.75
A319,9.072,61.28,454.64
A319,7.118,42.31,789.97
A319,6.59,41.76,1067
A319,7.687,15.73,214.84
A319,8.643,36.2,1623.35
A319,7.304,50.55,657.77
A319,5.67,38.92,2193.45
A319,7.959,55.94,275.52
A319,6.513,56.69,607.24
A319,8.756,53.68,2157.75
A319,5.658,10.56,1698.22
A319,6.774,49.58,292.59
A319,6.167,52.97,2081.89
A319,6.359,64.97,1060.59
A319,7.26,41.1,1867.07
A319,5.634,59.21,1004.04
A319,7.47,53.75,1065.15
A319,8.839,21.54,1840.93
A319,9.379,45.35,947.73
A319,8.157,47.36,1599.24
A319,7.131,57.2,727.71
A319,7.749,21.19,1329.18
A319,8.575,20.55,615.85
A319,6.673,49.82,1412.93
A319,8.835,30.68,207.36
A319,7.818,18.35,529.93
A319,8.145,27.86,418.37
A319,9.399,25.96,261.44
A319,9.54,13.75,1663.74
A319,8.242,42.56,491.39
A319,5.899,63.23,1277
A319,6.264,27.19,381.1
A319,8.559,39.39,705.78
A319,8.911,15.6,690.23
A319,5.815,47.56,1930.97
A319,7.907,33.22,1486.4
A319,8.937,14.25,354.41
A319,9.112,12.06,902.06
A319,6.401,21.7,1471.23
A319,8.42,34.76,1234.04
A319,9.167,33.21,810.21
A319,7.75,56.82,469.97
A319,9.33,13.22,1809.84
A319,9.553,48.96,623.95
A319,8.157,32.51,975.26
A319,7.611,33.92,2125.37
A319,7.92,30.47,1573.39
A319,6.729,50.48,2011.75
A319,8.442,17.05,1023.87
A319,5.688,54.86,500.61
A319,9.347,58.04,2039.09
A319,8.044,27.73,1230.14
A319,6.87,27.62,1530.86
A319,6.119,34.03,1719.64
A319,7.393,41.17,1943.78
A319,9.259,11.13,1444.15
A319,6.94,16.31,292.12
A319,8.287,60.36,908.27
A319,5.737,56.76,944.83
A319,7.566,67.38,1842.56
A319,7.579,14.91,292.78
A319,6.786,14.98,1806.17
A319,6.532,24.34,1232.74
A319,8.442,11.71,256.6
A319,9.51,53.81,1325.61
A319,6.718,68.2,1800.74
A319,6.838,34.2,1619.03
A319,7.344,15.43,325.93
A319,7.052,29.81,553.81
A319,8.385,14.67,1201.59
A319,8.826,49.62,1723.94
A319,8.592,52.47,1599.36
A319,8.363,53.79,291.36
A319,8.509,27.52,669.68
A319,7.402,33.67,1944.56
A319,8.357,65.02,2009.08
A319,9.482,59.58,257.41
A319,6.924,50.01,502.21
A319,6.566,59.79,1241.07
A319,5.994,49.3,2151.23
A319,9.598,69.58,715
A319,7.029,59.12,1842.99
A319,6.739,39.41,1685.54
A319,6.837,12.78,1869.69
A319,6.337,43.9,1796.99
A319,5.615,37.81,1703.19
A319,6.409,41.2,256.84
A319,6.623,57.71,1474.82
A319,6.571,15.29,1902.24
A319,9.495,61.14,1812.4
A319,7.49,16.36,821.06
A319,5.904,68.62,1474.4
A319,7.888,57.29,2093.5
A319,6.434,56.85,1732.84
A319,7.927,50.07,424.99
A319,6.691,10.97,1637.01
A319,8.148,40.16,1717.83
A319,7.561,50.27,1772.59
A319,8.909,19.95,2016.37
A319,8.847,53.49,1425.01
A319,8.994,67.74,1879.41
A319,5.938,59.07,468.59
A319,8.982,32.79,1084.58
A319,9.025,31.47,1835.27
A319,9.334,56.96,784.35
A319,7.767,46.03,2016.56
A319,8.64,10.96,1670.76
A319,9.222,13.05,1512.45
A319,8.97,28.05,1690.15
A319,9.269,32.55,877.38
A319,5.652,15.11,660.49
A319,6.605,13.31,1387.21
A319,7.567,33.05,824.21
A319,6.351,34.3,1542.01
A319,8.734,46.68,1181.64
A319,6.325,37.55,496.32
A319,9.089,53.63,1833.33
A319,8.37,40.43,242.97
A319,6.187,46.33,2067.59
A319,8.102,55.85,881.35
A319,6.517,46.3,1897.4
A319,8.992,67.87,896.63
A319,8.899,61.24,1240.78
A319,8.939,28.03,1734.55
A319,8.029,34.72,1109.08
A319,7.79,37.94,1028.91
A319,7.618,54.19,1286.78
A319,7.117,27.97,1216.72
A319,6.597,13.83,1766.65
A319,5.972,49.26,1628.2
A319,5.752,17.38,1990.88
A319,9.404,43.29,1296.14
A319,8.397,20.36,1979.61
A319,7.654,26.67,1506.69
A319,8.57,34.79,656.22
A319,9.537,32.65,1120.14
A319,7.987,34.44,1468.91
A319,6.254,52.15,1977.07
A319,8.587,61.17,1656.64
A319,9.176,31.18,1074.56
A319,8.735,41.19,1848.59
A319,7.066,51.5,1340.96
A319,6.229,68.85,1551.99
A319,5.854,25.48,1682.47
A319,6.887,57.55,1837.75
A319,9.499,21.69,1310.87
A319,8.525,38.67,925.06
A319,6.294,36.32,1310.41
A319,8.794,34.01,680.5
A319,8.437,38.35,517.2
A319,9.466,46.83,619.44
A319,7.077,53.43,1484.09
A319,5.824,31.07,1403.49
A319,8.546,26.51,802.41
A319,6.506,50.17,1474.71
A319,7.925,48.65,2016.29
A319,7.117,12.66,498.95
A319,9.406,10.14,1273.52
A319,9.1,10.56,1110.49
A319,8.591,35.24,743.76
A319,5.838,35.06,582.2
A319,6.857,68.09,766.38
A319,7.824,36.87,1420.04
A319,9.399,11.13,1288.53
A319,8.247,11.58,340.21
A319,6.327,69.04,1456.4
A319,6.443,57.2,2178.34
A319,7.746,17.58,1992.92
A319,7.646,56.62,1114.42
A319,7.189,11.96,827.65
A319,9.418,58.14,250.89
A319,7.749,54.83,236.16
A319,9.228,43.5,2054.42
A319,6.311,11.91,1127.01
A319,5.83,56.56,373.2
A319,5.766,67.58,340.31
A319,9.483,31.28,1856.07
A319,6.57,18.97,2050.34
A319,7.929,19.51,1150.09
A319,9.178,51.19,857.4
A319,8.293,21.88,1388.46
A319,7.621,11.8,928.56
A319,7.456,41.99,756.79
A319,5.911,65.52,1935.17
A319,6.17,23.77,1693.33
A319,8.263,26.38,1668.99
A319,6.481,59.54,1281.33
A319,8.499,57.32,652.41
A319,7.648,31.7,1883.09
A319,8.261,47.33,984.48
A319,5.736,19,1350.29
A319,8.602,66.97,556.74
A319,5.669,35.6,2193.13
A319,5.745,44.83,476.42
A319,8.273,62.78,963.53
A319,8.942,27.33,1979.19
A319,7.625,15.13,696.73
A319,7.372,12.68,432.2
A319,8.328,58.79,2154.25
A319,8.608,33.26,1475.24
A319,8.593,69.69,1126.82
A319,8.472,10.59,556.79
A319,7.686,55.9,339.22
A319,5.65,14.31,951.06
A319,5.815,42.59,955.81
A319,5.738,48.92,848.46
A319,8.853,33.67,768.49
A319,5.698,54.06,547.76
A319,8.345,69.17,666.28
A319,8.316,64.48,1413.74
A319,6.217,15.13,509.38
A319,6.868,29.74,1713.66
A319,6.269,30.29,1507.21
A319,6.958,68.64,1089.84
A319,7.127,48.22,860.37
A319,7.539,25.19,989.96
A319,8.504,24.18,1167.95
A319,6.933,41.4,1830.33
A319,5.869,29.1,1588.25
A319,7.983,68.48,691.1
A319,9.528,58.65,1950.88
A319,8.719,34.82,2001.54
A319,7.108,52.02,209.19
A319,6.023,58.59,1787.96
A319,8.947,20.79,894.25
A319,6.388,45.81,1584.18
A319,6.308,64.91,1464.73
A319,8.608,59.66,334.03
A319,9.2,23.27,648.43
A319,6.191,52.22,1410.14
A319,7.521,62.9,614.34
A319,8.341,56,1183.55
A319,6.587,52.3,1543.75
A319,9.598,53.41,1669.75
A319,5.968,55.4,1570.69
A319,6.725,52.02,1471.93
A319,8.461,28.34,1189.43
A319,8.757,54.99,638.94
A319,7.351,19.8,392.35
A319,8.63,52.13,373.04
A319,7.265,15.35,1605.27
A319,6.927,14.05,242.37
A319,7.691,11.38,882.71
A319,9.021,68.94,604.48
A319,8.933,52.46,1457.33
A319,8.766,29.74,986.83
A319,6.272,59.05,435.88
A319,6.899,11.83,1639.64
A319,9.575,39.46,1792.51
A319,6.462,49.38,764.7
A319,8.044,22.11,366.61
A319,7.528,61.1,1991.06
A319,7.027,37.18,952.47
A319,6.38,47.87,1712.5
A319,7.338,66.32,1658.04
A319,7.082,69.87,2048.18
A319,7.174,47.5,261.41
A319,8.383,19.28,1951.47
A319,7.424,27.58,833.8
A319,6.661,31.4,813.19
A319,6.456,65.3,785.87
A319,8.656,55.09,1734.74
A319,5.852,32.61,1937.08
A319,7.905,44.89,1622.04
A319,9.104,66.48,583.8
A319,8.499,54.93,1833.56
A319,7.973,62.7,1500.43
A319,7.171,14.28,1663.6
A319,7.376,68.09,1332.02
A319,9.394,50.04,1141.29
A319,6.898,32.93,1024.08
A319,8.088,42.97,1488.44
A319,6.59,52.32,1132.26
A319,9.557,43.46,1156.24
A319,6.998,63.9,1197.47
A319,7.118,41.88,1852.3
A319,6.555,34.62,202.92
A319,6.426,44.49,1705.2
A319,6.951,11.84,2054.59
A319,9.376,21.85,1234.9
A319,8.45,62.37,387.01
A319,6.901,68.98,1234.9
A319,7.161,12.95,701.89
A319,7.124,53.03,1048
A319,6.605,67.76,1626.79
A319,8.625,40.14,654.48
A319,5.88,52.8,395.29
A319,6.694,69.55,2108.64
A319,6.373,69.94,673.61
A319,6.111,27.82,1519.24
A319,7.972,47.96,1682.64
A319,7.645,19.51,1853.17
A319,8.885,69.21,1066.54
A319,6.228,28.19,406.02
A319,9.056,23.18,1992.51
A319,9.193,14.89,1099.34
A319,7.975,32.78,663.65
A319,8.704,11.26,1999.14
A319,6.728,63.63,944.93
A319,8.031,26.59,257.82
A319,8.765,54.89,2072.45
A319,6.598,64.83,1801.4
A319,8.322,60.7,1768.02
A319,9.403,13.77,269.78
A319,7.383,22.77,1943.81
A319,7.149,34.39,1113.36
A319,7.032,50.83,725.7
A319,7.717,14.02,1325.03
A319,9.164,28.69,1162.76
A319,7.627,22.29,1288.72
A319,7.537,48.74,1485.52
A319,9.381,62.09,1648.08
A319,6.447,53.6,1598.2
A319,8.744,65.4,1713.37
A319,9.103,35.79,1756.04
A319,6.928,40.39,1953.71
A319,8.78,58.94,1515.25
A319,6.919,40.33,1022.54
A319,8.357,19.52,1139.99
A319,7.461,45.27,921.08
A319,6.665,37.44,1361.87
A319,7.565,67.23,1121.57
A319,8.294,60.51,2171.91
A319,9.381,48.92,1221.78
A319,8.816,16.68,1122.77
A319,7.693,46.63,1110.85
A319,9.397,45.33,452.81
A319,8.841,52.18,691.63
A319,7.475,66.83,2125.29
A319,6.578,44.48,1280.47
A319,9.51,28.6,1097.59
A319,7.017,51.39,2096.9
A319,8.666,14.98,791.78
A319,6.018,32.04,988.21
A319,6.86,46.29,1989.03
A319,6.03,39.87,2121.31
A319,6.676,64.66,2143.25
A319,7.87,42.59,1731.83
A319,9.402,62.81,1627.54
A319,7.657,11.83,1374.66
A319,8.096,66.76,204.36
A319,6.9,62.61,580.83
A319,8.991,38.73,1096.51
A319,5.725,51.26,1014.52
A319,7.6,55.16,343.45
A319,6.933,55.45,407.62
A319,9.086,29.5,477.56
A319,8.291,62.5,960.39
A319,5.618,67.31,800.12
A319,8.733,31.15,1584.34
A319,7.703,28.89,890.59
A319,7.874,47.8,1460.7
A319,6.718,58.38,521.4
A319,6.464,54.75,485.66
A319,7.766,49.41,740.12
A319,7.426,27.8,715.21
A319,7.071,22.29,1231.81
A319,6.618,65.52,1589.47
A319,8.466,41.22,1092.89
A319,7.832,55.99,714.07
A319,7.034,44.59,215.09
A319,8.991,24.08,1106.92
A319,6.181,20.31,722.32
A319,8.209,64.9,1236.84
A319,7.143,40.14,1225.12
A319,6.701,64.66,509.33
A319,7.896,38.27,344.51
A319,9.27,43.15,873.78
A319,9.396,61.1,619.86
A319,6.037,23.75,837.1
A319,8.473,55.49,1299.17
A319,7.212,11.24,893.28
A319,31.95,65.87,7043.37
A319,6.692,32.97,1495.7
A319,7.559,19.08,1794.78
A319,5.867,51.33,816.16
A319,6.327,50.12,1475.88
A319,7.011,56.06,1549.87
A319,6.329,47.83,354.55
A319,9.089,40.65,286.87
A319,6.377,49.84,983.01
A319,6.376,31.46,369.29
A319,6.112,43.91,2073.24
A319,6.053,41.57,2173.8
A319,8.488,11.64,1373.98
A319,7.443,43.2,1984.02
A319,5.738,30.78,424.37
A319,7.807,13.59,1687.08
A319,9.087,63.59,1625.03
A319,8.971,26.79,2162.07
A319,6.439,25.36,1665.84
A319,7.701,15.16,1432.9
A319,8.266,30.35,844.44
A319,8.519,18.88,1124.78
A319,6.557,67.98,1693.59
A319,6.05,20.14,1881.71
A319,6.152,54.34,1575.28
A319,6.894,58.68,442.48
A319,6.986,39.34,1307
A319,5.644,35.66,606.42
A319,6,29.33,247.9
A319,7.878,51.07,1815.54
A319,31.74,25.86,755.29
A319,21.44,56.82,493.21
A319,8.555,20.84,1575.92
A319,28.85,13,808.11
A319,6.17,37.19,2107.09
A319,6.17,114.77,967.19
A320,35.76375,72.375,2518.2
A320,10.6575,44.075,1744.03125
A320,13.8175,38.18125,1812.10625
A320,8.471875,53.1125,1734.99375
A320,13.425625,26.65625,656.525
A320,13.95125,72.4875,1447.7875
A320,11.220625,51.40625,2400.2375
A320,7.190625,38.2,1924.84375
A320,8.191875,46.925,1616.2
A320,12.041875,83.3375,645.7125
A320,12.71625,37.7125,1784.975
A320,12.88,30.05,1699.725
A320,14.404375,47.6875,1312.5875
A320,5.64375,52.275,1461.10625
A320,9.511875,50.4,1872.61875
A320,9.27125,50.45,868.7625
A320,5.835625,69.4125,2176.8375
A320,11.094375,241.91875,1105.9875
A320,8.805,54.23125,1692.93125
A320,13.65,18.61875,1412.0375
A320,11.27125,29.15,1422.85
A320,13.906875,35.725,679.175
A320,10.163125,70.20625,2630.36875
A320,12.040625,76.38125,1246.75625
A320,6.005625,37.48125,1246.06875
A320,11.59125,33.30625,1745.21875
A320,8.415,56.16875,1241.83125
A320,8.543125,58.25625,1588.6625
A320,50.79375,51.36875,2485.3625
A320,8.068125,29.5125,1752.11875
A320,10.31125,52.19375,1626.4
A320,12.05,41.54375,1720.41875
A320,12.65125,42.825,1526.275
A320,7.17,47.76875,1185.99375
A320,11.9925,79.19375,1342.71875
A320,11.386875,37.7875,518.8625
A320,10.214375,30.38125,595.30625
A320,14.2025,27.96875,1447.3125
A320,11.915,55.075,1429.18125
A320,7.833125,26.8,1383.2875
A320,12.394375,13.3,1689.09375
A320,5.766875,41.69375,1331.80625
A320,9.33875,59.8,1879.99375
A320,7.008125,46.8125,698.28125
A320,9.43875,39.35625,1770.41875
A320,7.971875,28.45625,1027.39375
A320,9.033125,28.80625,1341.41875
A320,7.301875,24.2,833.075
A320,13.26375,16.0625,1622.1625
A320,10.2975,54.20625,1459.19375
A320,14.671875,67.79375,881.725
A320,6.148125,65.35625,1948.46875
A320,11.1525,35.675,1468.15
A320,12.3025,57.8375,1010.29375
A320,9.818125,64.04375,713.7625
A320,12.30875,86.43125,1625.85
A320,14.62125,32.6,844.6125
A320,9.093125,50.025,1611.1125
A320,5.59625,25.4125,1481.6875
A320,8.92875,47.85625,500.6625
A320,13.81375,53.94375,663.825
A320,8.83125,14.425,1662.38125
A320,7.685,74.79375,1303.275
A320,14.330625,51.5625,1727.11875
A320,10.320625,77.96875,1552.91875
A320,14.145,47.3375,1345.6125
A320,10.376875,47.21875,1280.31875
A320,12.329375,35.49375,2480.725
A320,4.89875,30.98125,951.73125
A320,6.58,62.7875,1459.775
A320,12.42625,70.5375,1782.7375
A320,12.319375,40.58125,1725.6875
A320,12.194375,17.7625,1164.21875
A320,10.6875,43.69375,1640.94375
A320,7.10375,48.98125,1343.24375
A320,7.37,75.525,1792.8125
A320,8.561875,30.5,760.4625
A320,7.379375,40.35625,1629.35
A320,8.861875,18.5,517.94375
A320,9.65125,59.6125,1329.1125
A320,8.375625,36.1875,1423.14375
A320,10.934375,54.71875,1133.85
A320,12.834375,52.25625,1261.13125
A320,11.443125,73.825,1544.55
A320,13.968125,30.0625,1367.175
A320,12.916875,56.25625,1298.825
A320,10.798125,70.075,1174.81875
A320,12.65125,65.1875,2452.2125
A320,9.735,50.19375,2492.15625
A320,11.235625,50.575,2161.725
A320,10.514375,49.2125,690.28125
A320,6.635625,46.7875,487.15
A320,12.1875,63.5375,2175.2875
A320,9.58625,60.1,1928.01875
A320,10.915,81.25,1061.15
A320,9.97375,34.25625,1518.30625
A320,6.18125,79.69375,1504.81875
A320,10.39875,77.1375,1022.20625
A320,7.826875,46.3875,2561.14375
A320,14.468125,46.39375,1386.15
A320,6.565,65.99375,1978.29375
A320,7.8075,32.61875,1041.025
A320,14.73375,55.55,506.4875
A320,11.353125,67.7375,1773.56875
A320,13.6125,50.39375,2420.28125
A320,4.81375,65.425,2110.78125
A320,7.084375,49.375,2009.96875
A320,7.2425,41.00625,1574.51875
A320,13.649375,33.1625,1867.91875
A320,9.8875,62.6875,1547.98125
A320,7.821875,32.36875,1987.525
A320,8.668125,11.63125,2126.19375
A320,8.525,54.01875,1875.8875
A320,12.91375,85.05,1067.15625
A320,13.230625,49.0875,2430.15625
A320,10.615,42.5875,1274.6625
A320,12.91125,55.18125,1900.24375
A320,4.975625,72.70625,398.275
A320,6.6025,62.26875,1137.275
A320,11.644375,50.39375,1108.775
A320,10.219375,21.575,1492.075
A320,10.71125,67.26875,1889.19375
A320,7.35125,38.06875,1658.91875
A320,7.13875,64.39375,2167.46875
A320,7.245,43.11875,1491.8875
A320,14.22,43.60625,1168.45625
A320,10.790625,25.0125,858.31875
A320,4.1825,28.35625,1123.40625
A320,7.15625,31.84375,1650.48125
A320,8.733125,25.04375,1992.7
A320,10.49125,57.6625,2031.23125
A320,5.845625,53.75625,1438.4625
A320,14.13375,58.3,572.5875
A320,10.873125,46.29375,788.8375
A320,6.290625,39.55,808.2875
A320,9.12,30.3875,2096.95625
A320,4.545,45.20625,2287.375
A320,9.6225,50.10625,2006.89375
A320,9.773125,77.95,1778.58125
A320,11.045625,48.875,1355.4875
A320,10.120625,50.99375,2243.24375
A320,6.7825,55.95,1716.26875
A320,13.43125,81.08125,790.7625
A320,12.248125,41.06875,2507.13125
A320,12.964375,59.04375,1190.9375
A320,10.751875,76.81875,1935.03125
A320,13.78125,33.9625,924.4375
A320,10.349375,59.83125,1620.18125
A320,13.00875,39.4375,1468.80625
A320,11.048125,39.63125,1288.2375
A320,8.489375,28.475,1740.3625
A320,12.375,45.66875,900.33125
A320,13.07125,42.20625,1570.48125
A320,10.07625,48.675,1530.98125
A320,12.258125,21.85625,1600.08125
A320,7.27375,82.2625,1896.80625
A320,13.613125,22.0625,1472.1625
A320,6.394375,63.9625,1505.8375
A320,11.106875,46.75,2147.2625
A320,10.673125,91.00625,1184.29375
A320,10.084375,25.05625,1556.25625
A320,4.85875,35.875,1277.55
A320,14.930625,51.45625,953.83125
A320,9.534375,74.45625,1989.45625
A320,10.62,56.3875,934.5625
A320,6.515,38.53125,1786.68125
A320,9.08,59.79375,740.0375
A320,11.669375,49.65,1510.01875
A320,7.55625,44.2,823.6125
A320,11.1925,81.8375,1242.51875
A320,5.661875,44.66875,1709.3375
A320,6.399375,41.075,445.40625
A320,9.195625,35.69375,1379.38125
A320,9.3775,69.75625,1618.1875
A320,14.0175,24.7125,1793.4375
A320,6.0725,33,1721.16875
A320,7.48625,53.125,986.9125
A320,7.181875,38.775,631.3375
A320,8.838125,81.26875,2032.35625
A320,10.981875,66.74375,1402.41875
A320,7.83125,61.94375,1044.1
A320,12.593125,49.44375,1193.9875
A320,11.266875,77.9125,1527.525
A320,11.939375,38.425,1050.64375
A320,11.43125,31.55625,1252.06875
A320,10.5275,74.13125,932.625
A320,10.64125,61.43125,1021.4
A320,13.1025,18.4125,1385.625
A320,6.655625,37.80625,1279.025
A320,4.801875,60.2625,1435.3125
A320,12.44625,60.58125,739.925
A320,5.584375,54.9625,1910.075
A320,6.975,25.4625,1343.38125
A320,13.48375,42.11875,1629.98125
A320,12.37375,44.9,1430.2
A320,7.84375,59.2875,849.55625
A320,7.1175,35.175,1038.25625
A320,12.08375,31.56875,1158.4875
A320,15.025,75.28125,1011.075
A320,13.47,58.18125,2466.7875
A320,6.98125,48.7625,1371.2125
A320,11.165,21.3,929.05
A320,7.18375,39.9375,1544.0625
A320,7.42875,31.95625,1577.58125
A320,10.72,51.3,1263.29375
A320,13.05875,13.04375,925.76875
A320,5.20125,18.15625,1961.40625
A320,12.99625,57.625,2055.19375
A320,8.41625,67.725,1113.825
A320,11.67,51.86875,1220
A320,9.480625,48.9125,1681.43125
A320,8.746875,42.0625,916.45625
A320,7.938125,47.04375,2018.525
A320,8.803125,30.20625,1015.03125
A320,11.378125,49.86875,1965.45625
A320,11.783125,51.9625,1910.3
A320,7.17,41.31875,758.60625
A320,5.273125,61.4125,1788.2375
A320,6.815,49.21875,497.55
A320,9.993125,60.1625,2598.475
A320,13.12,44.65,1057.5375
A320,9.92125,65.85625,1265.70625
A320,7.5275,70.95,1116.125
A320,14.815,57.00625,1930.58125
A320,6.585,44.50625,1419.94375
A320,10.924375,74.2125,1594.5875
A320,8.318125,67.11875,1469.375
A320,7.078125,77.10625,620.58125
A320,5.21375,72.1125,1173.825
A320,13.134375,69.5,1661.61875
A320,7.0575,58.7625,1606.98125
A320,10.825625,38.3,2207.64375
A320,12.025625,65.49375,1379.35625
A320,4.936875,37.3875,259.725
A320,9.526875,70.14375,2577.6125
A320,13.2975,60.3625,2061.7125
A320,57.6025,50.5375,733.6
A320,15.133125,64.26875,1469.4375
A320,7.96625,71.1125,1101.775
A320,6.324375,33.59375,2019.5
A320,8.213125,76.1375,822.14375
A320,6.51375,26.91875,1609.41875
A320,7.250625,46.65625,1585.8875
A320,13.72125,38.99375,952.0375
A320,12.559375,61.525,410.7125
A320,11.235,46.3125,2135.36875
A320,12.73,50.39375,676.16875
A320,10.213125,49.43125,1253.35625
A320,8.018125,22.0625,851.38125
A320,10.076875,48.95625,2002.35
A320,9.20375,62.0875,1405.45
A320,14.655625,79.08125,1212.36875
A320,9.445625,49.0375,880.40625
A320,6.059375,36.43125,2084.3625
A320,10.865,54.50625,2375.4125
A320,10.2925,10.8,2130.91875
A320,11.861875,61.96875,2039.9375
A320,10.204375,40.8875,2154.81875
A320,5.433125,46.61875,806.1125
A320,5.103125,85.84375,2190.10625
A320,12.218125,15.3625,2083.08125
A320,13.82,71.70625,1140.98125
A320,12.834375,38.99375,1402.88125
A320,8.614375,44.4875,898.11875
A320,10.913125,83.2375,1930.5375
A320,10.285625,63.84375,2010.9375
A320,9.856875,32.9625,1543.80625
A320,8.89,49.425,2403.6875
A320,4.9925,41.2,2674.99375
A320,10.816875,39.35,1662.4875
A320,11.080625,55.55,2331.44375
A320,13.25375,62.9625,1762.3625
A320,8.351875,37.2375,1266.89375
A320,8.251875,56.9625,2135.18125
A320,12.405,33.15625,1522.4625
A320,12.2825,40.2125,978.4125
A320,11.844375,59.43125,1931.3125
A320,9.235,61.96875,988.2625
A320,6.595,46.21875,589.90625
A320,8.525625,46.3625,907.8375
A320,5.861875,53.69375,1683.71875
A320,5.829375,60.2125,2101.0125
A320,6.280625,64.03125,1589.35
A320,9.664375,83.50625,1453.9125
A320,9.246875,40.13125,1222.45625
A320,12.9825,33.3,733.9375
A320,7.599375,56.09375,742.325
A320,7.939375,35.125,1091.925
A320,5.640625,69.06875,2667.55625
A320,13.77,59.85,1867.125
A320,4.715,52.69375,1584.81875
A320,5.896875,63.50625,1704.3625
A320,9.1975,17.05625,2585.61875
A320,9.59375,35.4875,1502.725
A320,11.324375,42.5875,1826.83125
A320,10.7075,64.3625,1310.3125
A320,8.025625,80.45625,2181.15625
A320,12.534375,41.3125,787.34375
A320,8.94375,57.39375,2693.96875
A320,12.6975,47.40625,1138.85625
A320,11.689375,22.65625,1386.40625
A320,8.400625,71.14375,1515.14375
A320,6.41375,52.86875,1758.16875
A320,12.9125,59.0625,1687.01875
A320,8.359375,59.75625,1224.31875
A320,9.814375,36.375,773.01875
A320,13.200625,58.84375,1609.84375
A320,5.830625,29.38125,1444.06875
A320,12.013125,59.825,1991.74375
A320,13.193125,31.925,365.84375
A320,6.213125,12.19375,2346.3125
A320,12.471875,72.25,2164.75
A320,12.2175,25.4625,1470.83125
A320,13.739375,41.1125,1439.075
A320,7.27,27,749.09375
A320,7.6525,58.16875,1576.8125
A320,8.294375,28.90625,1774.3625
A320,13.548125,43.15,2021.99375
A320,13.92625,54.68125,1054.60625
A320,10.0475,46.6375,1576.6375
A320,8.669375,44.825,2028.65
A320,11.428125,83.94375,435.80625
A320,4.94375,54.25625,2121.225
A320,5.416875,90.66875,1987
A320,6.895,41.0875,1767.0625
A320,8.884375,58.025,597.78125
A320,7.971875,71.7,2467.0875
A320,4.833125,36.10625,1006.65
A320,6.54625,42.96875,781.81875
A320,10.4425,27.76875,1026.50625
A320,10.413125,29.1,1515.11875
A320,8.50875,62.80625,2370.88125
A320,7.149375,48.275,2116.175
A320,10.81,52.3875,1404.08125
A320,12.758125,72.55,2423.55
A320,7.641875,42.70625,1644.6625
A320,12.57,35.44375,2121.2625
A320,11.993125,36.2375,957.39375
A320,9.6975,53.28125,1485.10625
A320,9.78875,49.1375,1229.05
A320,5.325625,66.73125,1245.41875
A320,4.54625,36.40625,1583.11875
A320,10.02,65.66875,1298.36875
A320,4.3325,55.18125,1369.66875
A320,11.741875,27.03125,2239.3625
A320,9.86375,25.53125,770.375
A320,6.12625,70.81875,1367.19375
A320,11.361875,77.70625,2105.40625
A320,10.804375,53.25625,1194.5125
A320,11.773125,73.19375,1316.78125
A320,9.625,27.0875,1754.1
A320,7.4725,30.925,1367.34375
A320,12.831875,49.89375,1371.45
A320,14.773125,65.81875,1540.89375
A320,7.4875,40.1625,1550.175
A320,13.98375,52.8875,1650.49375
A320,13.9825,54.59375,1554.7
A320,11.501875,35.49375,747.94375
A320,12.57375,53.1875,875.8375
A320,9.900625,51.66875,779.1375
A320,8.44,23.34375,1264.50625
A320,7.781875,65.38125,1498.01875
A320,6.9075,35.94375,1342.15
A320,14.778125,82.04375,1773.23125
A320,9.705625,31.51875,1322.41875
A320,5.859375,66.475,1920.10625
A320,12.57125,31.925,1727.7125
A320,10.793125,24.55,1724.13125
A320,7.81875,48.6875,1492.74375
A320,7.166875,69.10625,992.81875
A320,9.365625,23.43125,774.58125
A320,12.2075,40.225,1207.85
A320,5.9025,65.6625,1223.65
A320,8.239375,43,1772.1125
A320,6.895,38.78125,1325.11875
A320,9.68875,51.5875,1207.70625
A320,6.33,49.6375,1217.38125
A320,8.604375,70.08125,338.69375
A320,7.110625,29.35,1626.4125
A320,9.414375,66.0875,1778.3375
A320,5.499375,33.48125,828.13125
A320,12.14625,26.5,1892.95
A320,10.62625,20.25,1960.4375
A320,10.85875,44.1875,2289.91875
A320,8.93625,33.49375,2427.73125
A320,7.948125,60.30625,1554.49375
A320,12.475,17.49375,1947.4875
A320,6.2825,47.2875,1572.2
A320,6.05125,68.49375,1668.85625
A320,14.099375,68.59375,2150.09375
A320,8.48375,27.69375,936.23125
A320,14.325,83.08125,1630.51875
A320,13.0175,72.0875,1218.65625
A320,8.22125,50.7125,1489.45625
A320,5.5225,71.1125,1351.45
A320,12.598125,60.64375,807.3875
A320,6.4475,51.99375,1606.65
A320,12.690625,19.76875,1045.41875
A320,10.04625,42.15625,2492.68125
A320,4.5275,43.98125,776.7125
A320,12.443125,60.16875,899.44375
A320,6.3975,49.1,1383.3625
A320,14.97625,27.48125,1841.73125
A320,9.188125,53.0375,1683.48125
A320,5.44875,24.525,1444.71875
A320,8.578125,55.31875,1773.18125
A320,8.485625,75.71875,697.85
A320,4.891875,40.7125,1166.78125
A320,10.85125,29.4625,765.36875
A320,10.750625,51.50625,1456.275
A320,7.406875,55.88125,1483.3375
A320,6.55875,57.975,1521.25
A320,5.234375,53.675,872.9875
A320,5.63125,36.78125,1360.94375
A320,12.845625,45.70625,1299.71875
A320,8.595,63.15,1198.075
A320,7.284375,46.6,812.325
A320,12.995625,82.8875,1145.03125
A320,9.643125,64.21875,2114.1375
A320,4.459375,61.3,1961.9625
A320,7.5875,71.3125,1895.2375
A320,10.515,63.9875,900.76875
A320,14.0575,30.2875,1057.54375
A320,12.5075,58.725,1816.89375
A320,9.4625,52.23125,441.30625
A320,12.00125,37.525,1872.70625
A320,12.594375,65.1375,2233.6875
A320,9.84375,69.81875,2223.11875
A320,13.243125,36.2,1330.59375
A320,7.953125,67.93125,1534.73125
A320,9.66625,48.9625,885.925
A320,12.685625,25.63125,2153.0125
A320,6.5925,57.15,1526.60625
A320,9.710625,44.94375,1694.4125
A320,12.511875,55.81875,1580.825
A320,9.959375,12.74375,1600.5375
A320,11.23125,56.24375,1546.18125
A320,11.49,29.95,1424.4125
A320,10.311875,27,2055.51875
A320,7.744375,53.43125,1565.35625
A320,6.663125,63.1,1280.71875
A320,6.490625,41.05625,2284.76875
A320,8.574375,57.01875,842.4
A320,12.398125,51.14375,863.475
A320,10.16875,41.1875,1102.41875
A320,12.185,61.13125,524.94375
A320,12.24875,53.31875,1412.96875
A320,9.546875,38.15625,1941.89375
A320,9.839375,39.2,2015.0875
A320,12.15625,33.6875,1781.6
A320,5.029375,65.9875,1003.94375
A320,8.11625,47.65,783.1
A320,8.46,27.66875,1102.125
A320,12.055625,26.775,2758.23125
A320,7.799375,60.70625,1240.4875
A320,11.19625,55.8,853.89375
A320,10.126875,77.8625,1177.13125
A320,12.140625,44.20625,1474.14375
A320,10.135625,43.95,2032.975
A320,14.278125,36.44375,1822.2
A320,6.99375,21.5,1488.75625
A320,7.00375,60.58125,3162.4875
A320,25.76875,33.5125,2124.54375
A320,9.035625,48.4,1267.86875
A320,10.035,44.59375,1589.85
A320,12.475,40.4,736.025
A320,11.03875,65.4875,1735.9125
A320,70.6875,68.95625,1532.55
A320,10.41875,37.1375,870.2125
A320,10.120625,18.7,3813.25625
A320,4.819375,33.04375,323.34375
A320,9.090625,49.375,1650.6375
A320,12.56,31.30625,1288.83125
A320,5.15125,52.89375,893.675
A320,13.3075,33.03125,1404.68125
A320,5.2225,28.89375,2213.66875
A320,7.5775,34.31875,1456.75625
A320,12.69625,29.91875,1211.4
A320,9.29,50.60625,819.5875
A320,7.4425,15.5125,1713.4375
A320,12.18375,75.375,1624.1875
A320,10.3275,27.675,906.5375
A320,10.671875,78.5625,569.2625
A320,8.925625,51.975,1760.625
A320,6.7475,40.8875,1092.925
A320,12.46125,37.2,1186.55625
A320,14.0325,64.36875,947.58125
A320,7.68625,41.00625,393.325
A320,10.429375,69.41875,932.33125
A320,9.483125,40.4375,1652.1875
A320,7.0075,30.325,1457.96875
A320,5.95625,60.775,1212.5375
A320,10.051875,48.75625,1740.675
A320,8.673125,38.01875,1752.66875
A320,10.7075,45.125,1536.8125
A320,12.04875,43.53125,1313.5125
A320,12.2425,48.34375,1896.425
A320,9.64,56.7375,1616.63125
A320,8.090625,54.925,1209.21875
A320,11.54625,65.4125,1115.18125
A320,10.35625,74.14375,1297.98125
A320,6.620625,71.86875,1898.63125
A320,10.38625,69.8625,1952.2125
A320,12.798125,56.10625,2616.91875
A320,10.208125,32.15,2221.14375
A320,6.594375,42.9625,1114.05625
A320,11.18875,35.2375,566.425
A320,6.95125,45.99375,1335.08125
A320,8.7025,32.89375,599.3
A320,5.793125,53.98125,849.25
A320,11.713125,32.2375,2119.075
A320,11.1425,72.2625,1197.25
A320,4.979375,70.10625,1565.6375
A320,12.80875,52.03125,1199.19375
A320,10.053125,63.33125,837.6125
A320,14.901875,45.25625,875.30625
A320,10.836875,39.96875,2253.85625
A320,6.90625,60.60625,1549.93125
A320,12.233125,16.21875,2118.675
A320,11.854375,39.38125,2599.51875
A320,10.728125,63.275,1713.05625
A320,6.168125,69.85625,2115.26875
A320,9.291875,54.075,2079.15
A320,9.57125,22.2125,935.38125
A320,10.925625,45.6,1788.73125
A320,11.305625,88.8625,2531.73125
A320,6.51,22.48125,1877.0625
A320,8.01125,86.7625,769.5375
A320,10.604375,28.375,1481.1125
A320,8.394375,50.2625,1760.65
A320,11.58875,72.69375,476.55625
A320,11.665,56.8875,1005.13125
A320,11.243125,32.425,1230.31875
A320,9.326875,15.8,1253.51875
A320,12.17875,73.2875,517.5
A320,6.59875,60.36875,1574.55625
A320,7.738125,51.6625,578.45625
A320,9.8425,53.0375,1630.25625
A320,4.348125,58.85625,1833.05
A320,5.28125,30.65625,2252.81875
A320,4.93625,46.3875,2017.4375
A320,12.16375,44.25,1250.86875
A320,7.15375,57.90625,1614.00625
A320,5.278125,43.70625,1289.15
A320,8.826875,16.25625,1235.95625
A320,8.230625,52.6625,936.99375
A320,7.365625,50.025,2231.11875
A320,8.699375,37.3125,1155.425
A320,7.939375,32.0375,1708.14375
A320,11.195,35.31875,1197.10625
A320,12.875625,45.43125,1947.09375
A320,11.8375,36.65,1961.98125
A320,8.356875,75.20625,2186.80625
A320,7.493125,31.75625,553.40625
A320,6.845625,23.55625,1712.23125
A320,7.843125,21.31875,1024.40625
A320,5.85125,41.04375,1815.75
A320,14.71,13.375,1707.85
A320,6.69125,72.91875,2493.89375
A320,5.888125,45.65625,1910.11875
A320,7.41625,38.175,812.63125
A320,114.994375,37.4375,1570.86875
A320,9.245,27.11875,2266.275
A320,8.918125,43.99375,1395.36875
A320,7.951875,58.74375,1490.89375
A320,13.243125,77.725,1222.64375
A320,12.971875,52.0625,1873.95
A320,12.949375,25.925,736.4625
A320,10.735,44.69375,875.50625
A320,14.6,43.46875,1516.10625
A320,8.829375,28.43125,1151.88125
A320,8.916875,59.54375,1630.68125
A320,10.78625,52.2,1419.66875
A320,9.605625,14.23125,1739.1375
A320,8.17,42.19375,1686.44375
A320,11.8775,21.06875,1634.31875
A320,8.966875,77.58125,1810.7875
A320,12.815,50.6,2336.81875
A320,7.98125,59.60625,1571
A320,12.818125,53.50625,1710.4375
A320,12.065625,38.66875,2344.1375
A320,11.83,57.4875,1135.94375
A320,10.1075,58.0875,1891.53125
A320,5.07625,46.81875,1379.7625
A320,6.375,21.375,1665.875
A320,8.393125,77.99375,1420.5625
A320,8.095,45.03125,2138.83125
A320,9.961875,34.10625,706.99375
A320,12.881875,28.38125,1339.49375
A320,9.48,28.54375,1662.50625
A320,8.435,37.4625,534.91875
A320,12.08125,37.76875,3418.21875
A320,7.925,68.4,1659.65
A320,8.03375,54.81875,633.23125
A320,11.13875,44.15,1674.125
A320,9.194375,22.88125,729.025
A320,13.671875,52.025,2381.84375
A320,11.335,36.89375,510.10625
A320,12.01875,53.15,2600.15625
A320,11.414375,60.3125,958.95
A320,10.185625,45.25625,1404.025
A320,9.1075,68.4,2764.59375
A320,11.31125,21.65,1830.8875
A320,7.13875,55.9375,848.86875
A320,12.589375,64.40625,1541.93125
A320,11.429375,82.25625,1205.86875
A320,7.0425,32.5625,1598.16875
A320,5.12125,45.83125,1587.525
A320,12.95375,80.81875,1894.96875
A320,13.209375,40.3875,2436.83125
A320,14.671875,68.14375,1382.08125
A320,6.213125,32.1,1177.275
A320,9.901875,61,1203.31875
A320,5.738125,51.89375,2006.7375
A320,8.014375,30.01875,1071.15625
A320,11.875625,78.6125,2194.83125
A320,8.891875,29.4,1354.35
A320,12.51625,38.24375,966.45625
A320,6.365625,40.7875,1413.48125
A320,12.529375,29.425,841.4
A320,8.7325,32.66875,2242.8375
A320,10.52625,44.3,508.11875
A320,9.801875,82.31875,1927.625
A320,8.665,59.89375,359.6875
A320,6.129375,31.01875,1566.1125
A320,14.024375,22.425,838.64375
A320,9.234375,65.875,1398.10625
A320,8.676875,23.9125,2063.75
A320,14.760625,17.93125,1256.50625
A320,11.385,46.6125,1178.7875
A320,8.230625,16.7125,1976.26875
A320,10.1425,24.7,1637.525
A320,12.889375,63.03125,597.88125
A320,14.11875,51.5125,853.23125
A320,10.19125,38.4125,2000.4
A320,9.500625,66.9,1487.96875
A320,9.908125,25.06875,1403.7875
A320,9.276875,59.9,1604.35625
A320,14.055,37.86875,1524.86875
A320,12.585625,36.425,1464.34375
A320,6.83125,30.88125,1817.41875
A320,8.6,64.5375,687.88125
A320,7.926875,39.05,2040.93125
A320,6.0325,37.38125,1078.5875
A320,8.20875,29.1875,1404.5375
A320,13.214375,40.11875,1190.275
A320,12.765625,32.68125,1409.1125
A320,8.866875,45.95625,2102.59375
A320,10.8425,50.84375,1509.325
A320,10.049375,49.15,1209.66875
A320,6.715625,40.525,1273.76875
A320,8.82875,69.8875,1784.6
A320,11.751875,12.54375,710.2375
A320,6.78625,51.6625,1985.35625
A320,5.2725,51.0625,1771.7125
A320,7.31125,20.69375,864.625
A320,9.33875,63.03125,1860.50625
A320,13.20875,53.825,1604.7125
A320,8.48375,37.45,1736.39375
A320,12.725,33.76875,1445.70625
A320,10.0875,61.93125,1365.38125
A320,5.910625,35.84375,1610.49375
A320,14.30625,67.8125,1624.2125
A320,10.935,51.84375,1642.35
A320,10.641875,72.84375,1038.6
A320,7.628125,39.6,1441.55
A320,11.59125,33.54375,1482.35
A320,13.698125,58.3625,1390.675
A320,8.56625,76.3875,1355.63125
A320,8.5825,60.15625,1404.38125
A320,8.05375,51.46875,1541.41875
A320,6.62625,51.4375,1508.01875
A320,7.60875,54.6125,1737.625
A320,7.703125,76.675,1742.86875
A320,6.496875,68.43125,1482.4625
A320,7.818125,33.7375,2528.30625
A320,6.405625,63.8375,1673.61875
A320,7.119375,46.28125,1440.24375
A320,8.865625,64.775,1525.525
A320,12.464375,61.99375,1698.7625
A320,12.901875,37.20625,1721.4
A320,7.734375,84.2375,1998.25
A320,10.12625,35.775,760.6625
A320,6.18,87.3375,1308.5
A320,10.16,50.23125,1438.1875
A320,5.91625,49.18125,1568.275
A320,7.999375,33.96875,1152.11875
A320,8.026875,50.98125,2273.38125
A320,11.5425,30.35,2199.39375
A320,7.210625,77.01875,1335.86875
A320,8.983125,21.39375,1945.73125
A320,7.654375,72.13125,1398.38125
A320,11.39625,80.9875,1747.63125
A320,4.95625,46.76875,425.61875
A320,15.10375,59.21875,888.6125
A320,6.475625,27.71875,2319.29375
A320,14.36875,73.25,1815.46875
A320,10.479375,35.91875,2200.85
A320,9.345,40.775,2046.225
A320,8.90875,31.03125,1045.78125
A320,11.21625,34.20625,1336.09375
A320,11.673125,42.29375,1813.6125
A320,6.8225,36.01875,1623.30625
A320,12.738125,16.66875,1036.50625
A320,11.804375,61.33125,1107.63125
A320,7.964375,67.9875,2025.75625
A320,9.94375,65.275,1683.525
A320,10.073125,62.06875,1653.45
A320,13.210625,61.29375,1746.58125
A320,13.93125,58.04375,568.85625
A320,8.386875,40.15625,2181.74375
A320,8.66375,52.70625,1316.59375
A320,8.023125,60.2375,2370.125
A320,11.49,71.91875,1821.89375
A320,11.331875,78.8,1646.9875
A320,13.476875,23.56875,1708.09375
A320,9.398125,34.925,1935.175
A320,10.47875,58.7375,1816.06875
A320,6.38625,61.41875,1086.2375
A320,10.748125,37.20625,1456.45
A320,13.068125,51.99375,2449.65625
A320,12.9175,49.4875,1448.125
A320,12.735,33.3875,1446.8
A320,8.2725,60.25625,2147.3375
A320,12.038125,18.25,1994.75625
A320,8.50375,33.54375,1232.68125
A320,8.54125,55.31875,1081.3875
A320,6.690625,57.70625,862.8375
A320,12.746875,25.3,1194.06875
A320,6.26375,60.46875,2140.91875
A320,5.956875,67.78125,1796.65
A320,14.67,56.0375,855.35
A320,6.099375,47.34375,1845.36875
A320,10.00125,46.8625,1157.6
A320,10.953125,49.63125,2302.74375
A320,4.64375,45.375,1989.04375
A320,8.979375,65.29375,1435.09375
A320,10.991875,26.40625,1495.04375
A320,8.938125,67.79375,1649.9125
A320,12.30375,68.3,1455.00625
A320,8.12625,47.05625,759.0625
A320,11.723125,61.36875,845.25
A320,8.05625,61.69375,1515.15
A320,10.568125,72.41875,1581.55625
A320,13.005,65.91875,1413.43125
A320,12.78125,51.51875,1571.75625
A320,12.01625,63.48125,1041.69375
A320,8.633125,39.28125,1824.18125
A320,12.853125,16.9625,760.34375
A320,11.32875,37.7375,1992.2
A320,12.7975,14.775,2086.05625
A320,6.804375,59.5,1077.6
A320,10.52375,42.7875,1410.875
A320,4.940625,54.20625,661.2375
A320,7.095,48.94375,2009.525
A320,9.539375,45.78125,1456.33125
A320,8.929375,33.7625,1454.63125
A320,6.434375,90.6,2046.5
A320,10.121875,48.425,1548.2125
A320,14.05125,27.6125,2108.075
A320,9.38875,38.9625,1367.0125
A320,7.883125,45.05,712.28125
A320,14.28625,79.4625,314.30625
A320,14.263125,79.24375,1180.35
A320,15.2325,68.7625,2708.2625
A320,10.084375,34.76875,1530.88125
A320,12.13875,44.775,1531.5
A320,9.42375,81.3125,1026.44375
A320,7.611875,62.1,1922.79375
A320,10.31125,33.68125,2269.9625
A320,10.880625,40.79375,1432.05625
A320,10.15125,51.29375,1563.375
A320,7.398125,43.425,1703.2875
A320,11.508125,11.575,1915.35
A320,13.285,72.39375,1552.24375
A320,4.919375,54.825,1762.23125
A320,9.37625,37.53125,1246.58125
A320,14.399375,53.3375,1542.61875
A320,8.980625,56.9625,938.83125
A320,13.866875,68.7,782.00625
A320,10.56,42.2625,2110.68125
A320,13.753125,70.33125,729.3
A320,7.355,48.05,1918.68125
A320,12.50625,52.78125,1152.7125
A320,12.613125,49.575,2740.95625
A320,11.225625,54.74375,617.2625
A320,13.050625,50.8125,1119.70625
A320,9.63375,22.58125,2460.99375
A320,12.210625,40.25625,1092.45625
A320,7.2575,38.3,381.125
A320,14.19,55.36875,2691.15625
A320,7.18,52.7875,1132.775
A320,7.170625,87.65625,1927.5125
A320,9.095,24.69375,456.74375
A320,9.68375,56.4875,884.0125
A320,10.13625,43.31875,1617.4125
A320,5.659375,43.86875,1063.88125
A320,11.06625,61.25,1673.2875
A320,7.453125,61.76875,931.05625
A320,4.74125,79.7125,1710.35
A320,8.930625,69.10625,1725.175
A320,11.1975,44.075,1012.5875
A320,4.545625,31.28125,928.1125
A320,8.5025,60.7125,1305.0375
A320,6.433125,58.00625,1871.25625
A320,12.09375,82.75,1996.65
A320,12.329375,47.3125,1529.98125
A320,9.296875,34.91875,1735.475
A320,9.395,31.8875,963.21875
A320,5.283125,41.025,2083.70625
A320,9.448125,52.6125,1488.40625
A320,10.119375,80.8,1464.6875
A320,8.645,60.58125,2435.8
A320,8.514375,51.2625,1910.2125
A320,13.3825,69.7375,1119.24375
A320,5.214375,54.89375,1662.725
A320,10.891875,41.46875,1694.40625
A320,12.0525,54.00625,2010.8625
A320,9.6425,47.11875,2230.20625
A320,10.795,45.7375,1285.76875
A320,9.74,39.34375,1830.26875
A320,8.229375,60.9875,1413.0875
A320,9.465625,66.4125,1273.4625
A320,7.058125,62.975,905.46875
A320,12.856875,39.4875,1935.34375
A320,10.91875,63.80625,2071.09375
A320,11.535,42.875,1481.18125
A320,7.028125,55.7375,1319.70625
A320,12.133125,31.5625,1780.64375
A320,11.393125,44.09375,1483.0875
A320,5.184375,44,392.96875
A320,6.38875,74.55625,1319.15
A320,11.455625,41.91875,2120.04375
A320,10.074375,54.33125,428.23125
A320,10.241875,19.1125,1050.44375
A320,14.758125,47.6125,494.8
A320,8.093125,76.3375,1846.83125
A320,11.23375,24.0375,1950.26875
A320,8.725,41.05625,483.175
A320,12.371875,12.59375,2111.525
A320,12.359375,54.0625,2318.06875
A320,7.56375,38.2625,1583.4375
A320,7.7425,61.09375,974.63125
A320,6.385,52.7375,2438.4125
A320,7.971875,35.7375,888.54375
A320,9.5625,76.29375,1616.3125
A320,7.38625,67.775,2274.525
A320,9.60625,49.81875,1752.6125
A320,8.12375,34.4125,293.13125
A320,8.814375,42.85,1854.91875
A320,8.2,29.8625,1916.875
A320,4.953125,29.725,1329.49375
A320,12.43,81.0375,656.16875
A320,8.5,38.20625,2120.7125
A320,4.6325,55.18125,1345.675
A320,11.660625,41.80625,2258.025
A320,14.335,88.275,1315.125
A320,13.531875,78.33125,2363.225
A320,10.033125,78.7375,1298.51875
A320,11.506875,25.1,1408
A320,8.36,47.58125,1483.5125
A320,10.87625,34.45,2114.30625
A320,9.71125,43.10625,1823.55
A320,6.95,64.88125,2082.275
A320,6.62375,66.55,1786.9125
A320,7.318125,62.2875,1765.15
A320,13.45875,46.5875,2161.41875
A320,5.50875,70.025,2092.9375
A320,7.756875,29.4875,1380.075
A320,10.06125,66.05625,1677.75
A320,5.004375,39.925,1536.86875
A320,6.465,46.40625,1105.5625
A320,7.76125,54.38125,812.63125
A320,6.188125,80.4125,3508.5625
A320,7.860625,12.14375,556.43125
A320,8.0725,55.11875,2044
A320,8.863125,88.5,1219.99375
A320,6.075625,30.1125,1475.55
A320,10.495,44.575,584.55625
A320,8.58375,88.24375,2143.65
A320,9.383125,88.4375,802.00625
A320,8.459375,31.7375,1774.525
A320,7.3775,53,2471.4
A320,11.533125,32.56875,1878.23125
A320,13.843125,73.73125,848.8375
A320,6.1225,50.29375,1312.7625
A320,7.18,34.1375,1888.81875
A320,6.570625,48.85625,2052.0875
A320,13.479375,33.0125,1318.53125
A320,13.15,42.2625,1789.4625
A320,9.2,69.66875,903.33125
A320,9.164375,30.56875,1494.6375
A320,8.793125,54.18125,1607.28125
A320,4.94375,73.54375,1688.375
A320,11.44625,55.6125,3047.7625
A320,12.806875,31.10625,1177.3625
A320,8.889375,27.35625,2275.38125
A320,9.043125,61.91875,2096.1
A320,7.575,66.99375,1278.5625
A320,12.933125,23.4875,1266.14375
A320,9.5975,26.00625,1263.725
A320,10.161875,21.53125,1100.2
A320,5.655625,71.6625,1605.7
A320,7.278125,75.90625,1168.05
A320,7.944375,48.425,1133.875
A320,9.595,64.95,2453.85625
A320,9.264375,46.01875,2005.025
A320,9.055,41.61875,1796.31875
A320,10.3775,78.5625,3183.78125
A320,6.189375,29.75625,845.3375
A320,8.143125,54.675,2010.74375
A320,12.088125,58.46875,1811.675
A320,7.245625,45.075,1271.91875
A320,11.208125,78.96875,1195.23125
A320,7.99375,44.54375,2270.94375
A320,6.603125,71.7,2006.3625
A320,6.49,21.4,1163.73125
A320,12.003125,62.04375,1899.53125
A320,7.623125,49.65625,1318.75625
A320,6.070625,56.0125,791.51875
A320,12.556875,65.44375,1778.30625
A320,5.53125,50.125,1206.04375
A320,12.42375,36.875,2044.24375
A320,12.410625,35.86875,2245.8125
A320,13.30125,29.5625,747.6125
A320,13.14625,34.125,1615.13125
A320,10.3675,32.93125,1612.89375
A320,6.48375,38.26875,2774.31875
A320,5.6775,76.6875,2574.03125
A320,9.85375,52.06875,1993.64375
A320,14.36625,45.90625,1884.9625
A320,9.330625,54.74375,1223.6625
A320,8.805,61.075,1130.475
A320,7.8025,47.83125,794.26875
A320,10.519375,55.28125,930.56875
A320,4.638125,75.4875,2041.075
A320,5.34,61.7,1495.65625
A320,5.558125,52.35625,1553.7625
A320,7.26375,32.9125,673.475
A320,8.016875,64.3375,1295.49375
A320,9.21625,57.74375,1003.325
A320,13.128125,56.26875,1926.2125
A320,13.154375,38.15625,681.11875
A320,9.79125,34.35,1205.4375
A320,10.06875,41.6125,790.875
A320,9.7,46.59375,394.2875
A320,9.77875,77.93125,1736.075
A320,6.53125,26.5,1317.75625
A320,7.204375,33.20625,1326.38125
A320,6.04125,86.75,1984.91875
A320,14.65125,43.1125,2321.30625
A320,10.445,75.41875,962.29375
A320,11.30125,69.39375,246.18125
A320,9.594375,38.15,1772.575
A320,8.543125,52.36875,1517.95
A320,8.250625,52.6625,1292.775
A320,7.464375,56.4125,846.7
A320,10.913125,45.7125,607.83125
A320,12.525,38.14375,1524.06875
A320,9.46875,47.19375,1326.1125
A320,9.9425,81.8875,807.4125
A320,11.558125,28.31875,1735.9375
A320,8.140625,44.05625,1092.48125
A320,6.2775,14.225,964.05
A320,24.66375,68.24375,4543.10625
A320,9.3325,26.73125,1772.5625
A320,6.204375,20.375,1816.9875
A320,9.001875,78.55625,1110.1
A320,4.819375,34.45,1235.925
A320,8.586875,73.0875,1507.16875
A320,4.830625,70.21875,640.84375
A320,12.890625,41.70625,377.29375
A320,12.285625,51.925,1018.63125
A320,4.98,51.4625,1365.55625
A320,6.64,61.36875,1391.775
A320,5.818125,45.25625,2346.375
A320,7.79,37.875,2235.7375
A320,5.316875,43.5,1812.2625
A320,7.77125,60.0125,1127.73125
A320,10.529375,26.31875,1291.425
A320,14.719375,77.56875,1474.64375
A320,9.946875,42.59375,1445.79375
A320,4.984375,37.55,1118.4
A320,9.188125,24.225,1908.8125
A320,9.54125,22.81875,1043.025
A320,9.409375,55.925,1134.2375
A320,10.258125,58.2625,1688.49375
A320,5.14625,52.6625,2001.81875
A320,11.53,57.0125,2342.05
A320,4.95875,53.75,575.8
A320,13.62625,60.5125,965.375
A320,5.8725,26.8625,1051.7625
A320,9.135,25.98125,682.9375
A320,12.68375,38.91875,1439.9625
A320,22.9175,39.1625,1795.05625
A320,21.74,72.5625,1656.00625
A320,7.691875,16.275,1381.7
A320,18.95625,42.275,671.56875
A320,8.42625,44.11875,2560.43125
A320,21.52625,629.20625,5389.99375
A321,44.71113125,72.388525,2800.27274
A321,9.4051855,44.49539,1234.749294
A321,8.7596225,63.22579375,2311.027509
A321,7.606657625,66.2690075,2014.618811
A321,13.78008488,55.24381875,1695.407055
A321,10.32197175,68.2174475,1722.250833
A321,10.55121088,64.07551875,2735.677323
A321,10.50290488,24.060395,2302.560231
A321,7.161098625,58.958855,1765.25469
A321,12.16441063,73.5383375,1285.276368
A321,12.86750575,61.2926525,1139.292345
A321,12.774325,64.843315,1785.183045
A321,13.03355313,49.0990025,1737.337593
A321,10.85727725,57.855075,2428.519509
A321,14.69885063,55.823535,3276.220336
A321,15.41197475,67.965355,1711.388578
A321,15.27620688,87.2849475,1762.976143
A321,12.95245213,291.1437262,1682.755323
A321,15.015423,42.35467875,1931.446574
A321,12.487653,49.17873625,1725.729483
A321,7.42977675,61.70283,2167.00997
A321,10.07607363,42.748,975.262785
A321,10.97093338,69.34014375,2093.283336
A321,10.08120188,89.48781875,1852.551639
A321,11.65844388,76.68910375,1728.953026
A321,9.23309975,64.56034875,1980.612206
A321,15.398213,56.24756625,1830.699504
A321,11.33926838,58.31260375,1128.523608
A321,60.36078625,34.64881125,2588.389898
A321,7.429287375,60.2360275,2005.709486
A321,12.53973675,40.85264125,2814.62548
A321,8.524897,40.79709625,1636.215896
A321,10.46084375,61.200535,2059.931705
A321,13.726017,36.86063625,1928.864761
A321,11.3795915,87.62030625,1975.241656
A321,9.210545625,43.7089225,1411.822448
A321,6.343578125,71.64817375,1491.922699
A321,10.8712755,62.37963125,2227.241338
A321,10.292102,81.173545,1352.099324
A321,12.32260338,55.24354,1944.002683
A321,11.88190013,30.773155,1309.272981
A321,12.47717463,43.93084625,1689.911999
A321,10.34448425,74.0221,2273.743261
A321,11.03815138,69.4568775,1210.194094
A321,13.25723725,51.38503875,2582.070446
A321,15.70216163,59.32949875,1346.531541
A321,9.974264375,56.60444375,1040.925246
A321,13.91995263,40.405245,2167.937015
A321,11.62001325,39.4673225,1799.044358
A321,10.7096265,75.12624375,2140.771601
A321,15.90717363,62.66579625,2023.563645
A321,9.037611375,81.27454375,2316.521156
A321,9.2829555,41.965765,2231.37643
A321,13.2762615,75.8465325,2097.703471
A321,8.592065375,61.13835125,1706.030228
A321,8.21782725,85.23501875,2437.11957
A321,11.63695275,42.659205,1268.958598
A321,11.45927438,50.645145,1941.624998
A321,7.87254375,37.2213275,1310.854613
A321,13.18170525,47.62915375,934.1674575
A321,10.11669825,70.89614625,668.755365
A321,13.15030875,48.600315,1097.959464
A321,10.267111,62.13221125,1056.640755
A321,13.53397788,38.5761625,2248.478286
A321,13.16844388,71.77436125,1771.909846
A321,8.439341,45.1434625,1793.373748
A321,15.75051163,80.23645125,1253.742926
A321,11.28299413,48.11657125,2158.720545
A321,14.41893925,57.25727375,1626.550334
A321,7.679912,66.6002375,1129.411255
A321,14.10643875,60.9246425,2815.373773
A321,14.88747313,73.86424875,2120.404513
A321,12.87637813,51.4988425,1306.505106
A321,14.0246285,65.46571125,2166.572451
A321,14.50891025,68.18654875,2664.967961
A321,15.730433,75.59486,1781.697838
A321,13.01607363,65.92894,730.2006175
A321,16.44911113,64.80526875,1749.40747
A321,8.773295625,40.864675,1520.868451
A321,9.60753875,61.8174625,2581.443098
A321,13.21398988,55.8683075,1972.717491
A321,13.84634913,43.13935625,1152.97447
A321,13.71692813,81.13634375,2056.611364
A321,13.18925438,80.526885,1553.77281
A321,105.9648154,53.9309075,1881.724835
A321,14.25497863,73.99919875,2109.847965
A321,11.24147938,69.31162,2100.868676
A321,13.34196775,73.5809925,2612.456218
A321,11.025458,55.65641625,2484.526819
A321,10.15175188,77.094215,2527.751295
A321,13.14024813,67.5614475,1232.833544
A321,8.092336875,54.8027625,991.39813
A321,11.6096375,65.3067125,1778.333583
A321,11.18143975,44.373455,2144.445916
A321,11.738777,72.869795,1115.12453
A321,10.26001825,49.56839875,2400.187799
A321,6.12754575,73.75029625,1659.292526
A321,5.53560625,81.8799275,1396.347079
A321,8.053826625,40.6217525,2089.925491
A321,10.68035338,82.01149125,1423.67903
A321,10.51935,75.86262125,2345.892621
A321,10.0212835,52.63934125,1140.609605
A321,9.95001025,81.865785,1419.866523
A321,12.74871938,78.5893825,2682.084976
A321,8.0901855,78.10584125,2402.263344
A321,9.41838225,60.56884,1712.239594
A321,13.08910813,51.06129,1515.111006
A321,10.1629235,44.57783375,2017.396616
A321,9.947439125,45.0543975,2443.984596
A321,9.4762985,56.1730625,874.9706837
A321,10.72330963,54.85597125,2061.177855
A321,14.42702638,48.12579375,1564.664001
A321,12.504365,71.11452625,2355.138653
A321,8.60726925,89.299075,985.2955687
A321,11.35508788,76.7849575,2506.994769
A321,7.971579,66.3825475,1761.571508
A321,11.74309575,69.72760875,1604.752461
A321,14.21177788,67.62625875,749.277405
A321,11.2573925,77.83331125,2491.146705
A321,11.99468013,49.77274625,1041.329305
A321,10.44300913,46.183705,1797.465565
A321,9.08530875,81.55101125,1493.414651
A321,13.58696875,63.87964125,2054.289746
A321,8.58892325,77.33256625,2271.025356
A321,11.702667,63.32504125,2646.226403
A321,10.499885,75.15464875,1310.182279
A321,11.06675488,46.6917875,1236.218776
A321,11.5663095,43.08185875,1095.459269
A321,11.96033475,34.60660125,2118.480734
A321,8.962073375,59.16585125,2096.33444
A321,10.73697875,45.7410825,2662.837784
A321,12.39622888,56.88658875,2243.433268
A321,13.04836125,79.56355,1781.070393
A321,13.57373638,35.69386625,1621.787693
A321,9.527344875,44.318115,1658.400983
A321,10.87935,60.3141275,2292.751529
A321,10.034917,59.64261375,2289.734375
A321,14.1718445,74.43682875,1804.680141
A321,10.61592238,80.04916,2480.295704
A321,7.000128875,57.131235,2412.684223
A321,10.12177288,56.35915625,2222.133361
A321,9.5818475,68.827215,2500.635566
A321,12.60809875,77.27406375,1181.475728
A321,14.20146838,37.36438125,2494.326964
A321,11.69469013,48.39971125,958.5823125
A321,11.05498563,65.90544625,1677.441044
A321,13.97474375,47.8427725,1918.855713
A321,14.91135813,50.24234875,2933.774874
A321,11.21391225,55.2442375,1541.278049
A321,15.46259038,74.11256875,1946.239323
A321,12.09690613,57.719435,1804.671598
A321,13.327646,80.97421625,1574.554054
A321,9.54476575,60.74602375,1104.303984
A321,14.14696875,90.14404,1240.275934
A321,15.73926238,36.33854875,1014.564454
A321,7.96005425,86.1459875,2910.539749
A321,11.88981938,30.9618025,1874.793608
A321,10.31414213,72.2411625,1278.376343
A321,10.21328963,66.150595,2454.819078
A321,13.44369938,93.24222375,892.6314212
A321,13.17635013,54.20400375,1334.327239
A321,11.40061025,57.25687,2080.18406
A321,13.52842088,77.74805375,1995.778154
A321,11.19632713,80.15353875,2045.199129
A321,15.159335,43.2288075,1286.489838
A321,10.657646,33.71020375,1670.461374
A321,11.996537,65.08469125,1325.809233
A321,12.40244413,46.05759,1570.651866
A321,11.09253775,84.333565,1498.960198
A321,11.0962795,86.7932025,2317.359066
A321,11.88720263,86.00427125,2550.001393
A321,15.32245913,77.245285,1349.381119
A321,8.326796875,50.32805625,2353.554164
A321,8.7768415,68.95867875,2046.597163
A321,9.1996135,44.9815625,1215.718363
A321,14.3329405,61.849385,2175.381896
A321,8.82420675,55.138315,1609.549558
A321,11.12715863,36.076945,1518.042343
A321,15.03870638,80.26923625,1541.056259
A321,10.88716763,49.57797625,1691.218196
A321,14.15862675,60.36888125,2031.35457
A321,13.36649338,58.35349125,1554.889073
A321,8.545543625,83.9099125,1686.043105
A321,12.29859313,42.45743,1628.516341
A321,7.51755575,40.87285375,2045.703176
A321,8.6729525,79.12968875,1586.703175
A321,13.22140575,62.45862375,1672.35708
A321,10.6223755,36.0711475,996.949625
A321,12.60397788,54.71098875,1867.324605
A321,12.89053363,84.5904575,2472.074738
A321,14.31973075,77.65571375,946.181635
A321,8.831362125,44.4899225,1394.270415
A321,10.375434,58.8053825,1077.571364
A321,14.21837425,74.27320625,2078.767834
A321,15.39667625,67.254485,1092.17954
A321,12.20336525,58.0652725,1872.914699
A321,12.7090525,77.670955,969.5582387
A321,15.31113525,37.62157125,1807.417123
A321,15.269873,79.63394375,1154.583165
A321,14.822654,74.69735875,2520.600183
A321,15.22251075,80.7010875,1994.324568
A321,11.487686,54.463505,1769.74216
A321,8.68338925,61.5000975,2594.492388
A321,14.20838525,54.71109875,1538.642004
A321,10.774343,74.082395,1770.172621
A321,11.97168225,48.40885625,2148.979466
A321,7.68922775,43.70731875,2187.340769
A321,8.90197075,61.70111,2046.299251
A321,9.45697475,87.38404,2024.074665
A321,13.056005,43.96194625,1755.50735
A321,13.57177188,43.6822225,1425.159524
A321,15.45885163,63.6408725,1278.605329
A321,10.28874138,57.95398125,2746.059555
A321,8.265394375,33.75693375,1497.252394
A321,9.433161375,54.89238625,2311.445979
A321,13.70979738,42.0793375,1571.13246
A321,9.529875,57.56561625,864.4322088
A321,12.39206238,80.5483675,2243.926873
A321,9.753806,60.75777125,1756.85736
A321,12.42091738,68.1724925,2415.551545
A321,12.213205,70.877425,2038.111983
A321,12.90754975,60.71664375,970.3034787
A321,15.7957065,73.196035,1942.803475
A321,11.529325,79.66064375,2387.912304
A321,9.545988,49.77281375,1244.814551
A321,12.86689113,83.9027725,1384.426043
A321,14.83591338,66.21723625,988.478575
A321,8.330400375,69.61855875,1695.726454
A321,12.25226525,72.3806425,1772.576665
A321,9.830217125,74.60135,1894.354236
A321,12.2862705,46.1159425,1811.577984
A321,11.04790588,55.051655,2473.704091
A321,13.45788388,52.78847625,1640.036109
A321,11.62719363,30.0212175,756.354645
A321,13.89218163,75.14976125,2527.137648
A321,13.7340455,57.6213225,1686.850218
A321,67.2669475,50.7698025,1821.44422
A321,14.72813838,74.82250125,1490.475713
A321,15.12306275,68.0229925,2169.344155
A321,10.07026113,77.29756625,2459.4217
A321,14.45595138,69.7816775,1181.582541
A321,13.18500625,50.83437125,2110.881396
A321,10.90397288,52.81598375,2051.697653
A321,10.55698275,55.54339125,794.0974325
A321,11.17411213,84.74188,1094.644918
A321,12.435429,31.5945625,2149.629336
A321,11.636582,73.25475625,1449.248946
A321,12.08425738,53.38238875,1995.188909
A321,12.88150338,58.1570825,1870.477314
A321,12.99438863,74.63518875,2190.13017
A321,15.36002525,60.2851675,1609.42789
A321,16.16285488,84.01674875,1382.941886
A321,14.33844888,48.8628525,843.2984688
A321,15.16467213,66.22376375,1911.204948
A321,12.72434,81.23065875,2244.669408
A321,15.4929275,31.254265,1947.519646
A321,11.80498663,72.35934625,1824.407913
A321,14.18579713,78.0723275,1503.815776
A321,10.01426838,49.13258125,1087.908698
A321,11.82040238,83.67920125,2490.684209
A321,14.44481838,39.0000425,2382.963604
A321,14.197667,70.07400875,1393.779534
A321,9.293032125,63.30216625,1761.706114
A321,16.32188313,53.9228075,1857.684236
A321,11.69535638,72.8210275,2171.937683
A321,10.45289688,70.68560125,2108.952313
A321,10.43887663,54.0752425,2191.766649
A321,11.694908,62.848695,2655.562513
A321,12.8790795,61.447925,2459.323511
A321,10.52553763,63.51832,1673.491273
A321,12.09899688,81.14034,2815.014251
A321,11.71781725,66.3151725,1885.479348
A321,10.50164963,64.6670225,2091.326191
A321,9.590541625,49.1639175,2538.473924
A321,11.406031,56.19368375,2058.680418
A321,11.0729275,48.7428125,1921.656758
A321,8.940246125,60.19641875,1813.225488
A321,9.835981,59.77741625,1245.784678
A321,14.446544,66.52839625,1850.320419
A321,9.900672875,48.1305375,1097.575693
A321,7.867213625,73.16422125,2227.272906
A321,11.92024613,55.8314675,2071.552978
A321,14.11622088,50.97162375,1916.76462
A321,8.316361125,73.53500875,2588.307358
A321,15.39273263,57.66755375,1943.587829
A321,14.1974025,61.257345,1599.604463
A321,11.45248313,49.56800125,1260.690465
A321,13.13303413,51.40012,1687.231635
A321,9.841764875,60.85903625,2152.735099
A321,15.423775,83.50738,1901.018075
A321,14.214358,50.90317125,2556.475676
A321,12.64662263,52.33214375,1657.351798
A321,11.5018535,49.35522875,2037.090786
A321,10.80947825,42.6511325,1861.898945
A321,14.14967813,72.4695775,1624.023904
A321,9.8207485,64.8817025,1641.478438
A321,7.936233875,75.65503875,2256.423319
A321,14.39354913,61.2720125,2091.461031
A321,16.60778425,62.24732625,2251.750156
A321,8.7579465,58.26046375,1099.932009
A321,8.070810125,49.24911375,2100.304819
A321,12.11733788,75.33536625,1740.913641
A321,12.11223925,76.21484125,2427.928896
A321,10.7285205,38.2632975,2427.305466
A321,13.59023813,71.43069375,1469.955826
A321,11.28414713,48.18912,1515.044466
A321,14.03952188,61.24526625,1171.913531
A321,10.59566988,52.86932875,1265.130926
A321,7.712073375,62.67681,2088.662211
A321,13.89538738,35.355335,989.6367312
A321,12.29314638,42.38332125,2387.854938
A321,9.633841625,77.919785,2095.8715
A321,9.4268305,50.1921325,2309.661954
A321,12.03077313,65.9452325,2127.174065
A321,15.108758,45.570315,1079.222581
A321,13.8001475,67.19064125,2066.361038
A321,10.09910813,48.71672375,1928.473848
A321,14.87757638,83.441405,2372.554211
A321,11.07584075,60.17610875,2198.276659
A321,9.3162775,43.8249925,1952.986853
A321,12.67967213,74.518015,1942.77713
A321,11.13146738,76.20807625,1165.060949
A321,8.34060625,53.03005875,2085.580295
A321,12.72829763,73.89862125,1902.0427
A321,14.332664,61.9108375,2413.636538
A321,12.71580413,87.005235,1414.778044
A321,12.52327163,84.479755,2723.302643
A321,10.72818038,43.99060875,1926.08458
A321,7.96643375,50.54980125,1667.209476
A321,13.0840825,30.14220125,1921.690089
A321,10.66757538,48.657915,2632.620436
A321,13.38667725,55.53589875,2410.301914
A321,10.20689513,77.94527,2579.661435
A321,12.428249,55.8048875,1983.243404
A321,13.29317438,73.752445,2756.50586
A321,12.43221163,70.59848875,1423.044658
A321,11.951572,42.67649125,2475.208978
A321,16.18369938,46.2988425,2006.879791
A321,12.8929755,81.49352375,1920.108159
A321,16.05000725,60.0724025,1315.99851
A321,11.17790188,68.20655375,2534.239146
A321,8.44199375,66.28155875,1838.659986
A321,8.61323,63.51968625,1490.305636
A321,10.0024175,66.91087875,955.1190963
A321,15.31439363,62.92554375,2600.969248
A321,8.94502825,46.54634375,1115.559225
A321,11.91864275,66.27128625,1443.581451
A321,10.10609763,74.72455375,2135.757919
A321,11.34413913,75.11733875,1246.451478
A321,13.07538438,58.04394125,1660.298394
A321,9.545439,52.4930725,1806.55582
A321,15.2968125,48.7202,1419.277181
A321,9.704409625,76.64426625,1800.36129
A321,11.26814438,54.47074125,1408.048091
A321,11.6685265,67.5913975,1666.143385
A321,9.59613925,39.4673275,1899.579561
A321,10.1284815,59.19069125,1106.10009
A321,13.38661763,47.86491125,1394.141651
A321,9.36614825,65.9703025,1444.213143
A321,13.00455388,74.50695125,1953.847503
A321,12.27325,59.20857125,2094.157339
A321,11.77939663,74.95616875,2894.633066
A321,12.2801575,46.93606625,1520.97488
A321,14.43868738,70.92214625,2345.344484
A321,14.17233788,50.50529125,1428.111896
A321,8.046931125,79.634835,2126.531209
A321,13.90253775,47.725365,1403.973818
A321,10.51983338,50.274205,2452.995364
A321,11.28392425,44.7522575,2420.277511
A321,11.68443363,89.96614375,1733.009726
A321,11.21899988,56.70781375,1587.279654
A321,14.0768135,57.64296,1704.66542
A321,12.1179405,73.9572375,1083.89533
A321,14.16193013,60.017715,1857.400198
A321,14.34769,55.91616875,1234.834986
A321,14.60503025,61.6406725,1680.150529
A321,13.202127,79.1872275,2180.389964
A321,14.36523313,70.49406375,1489.703351
A321,11.94568188,60.890175,2324.232808
A321,10.47022713,57.5084975,1618.179293
A321,13.70524213,36.96569875,1482.238064
A321,10.21251275,47.272315,2523.74469
A321,11.71310275,45.9897,2098.817263
A321,11.59781025,57.8918325,2105.178146
A321,10.65755875,57.22257625,2048.784184
A321,10.40368938,66.37148875,1831.163511
A321,10.719876,46.77485125,1803.996373
A321,11.2107385,52.6271075,2224.29999
A321,11.58697075,78.15655125,1432.613659
A321,12.74635313,52.66903625,2176.532381
A321,13.34836225,46.53587625,1824.016884
A321,15.028203,87.46222875,2760.243366
A321,9.3568655,68.9367375,2372.448769
A321,12.31919575,72.6385325,1198.434829
A321,14.4712795,73.1450275,2224.41149
A321,11.10093538,77.12592625,1506.797203
A321,9.8435225,87.92583625,965.01003
A321,12.11343388,41.33922625,1648.890296
A321,11.95588475,81.72515375,2277.580924
A321,10.1912895,71.71685375,1743.554568
A321,13.25203038,88.31089125,1371.310851
A321,11.0763105,67.517515,1875.759048
A321,11.29918075,47.26446375,2362.059784
A321,11.52924538,51.8058825,2028.813634
A321,11.16116625,48.933045,2514.070656
A321,14.28981938,56.48697625,1837.371724
A321,9.055675875,63.39945625,1452.33622
A321,8.274431625,45.4805825,2084.381744
A321,10.26140075,38.2061775,1174.863436
A321,10.37231588,54.74934875,2574.450755
A321,12.87938563,47.67185875,2281.690743
A321,7.40839325,67.861945,1053.46745
A321,12.63747513,77.487485,1732.135923
A321,9.95644775,59.74881875,1353.781101
A321,13.31118688,52.34173375,2407.774206
A321,16.407096,56.740005,2215.046315
A321,16.16133413,67.369775,1948.493515
A321,8.445673875,74.1637975,1380.227644
A321,11.34759838,52.40807625,2215.262353
A321,11.40637813,82.54134,2062.431068
A321,16.3401515,67.1063225,1606.307123
A321,12.337646,58.2715325,1221.767066
A321,12.1618325,45.5311575,1386.878971
A321,12.5274065,48.966275,2634.788941
A321,11.5218265,61.19416875,1183.451349
A321,13.70807375,36.173675,2208.670579
A321,7.924148125,81.3766525,1870.123913
A321,13.27724425,66.28291125,2416.198186
A321,8.004280375,42.04356,1875.257381
A321,13.40370238,60.87533875,1601.443934
A321,13.10639775,76.5094475,1558.540585
A321,8.468448875,55.25288875,2048.690928
A321,13.3357505,48.49239,1465.429009
A321,15.90285888,50.55379125,2827.170508
A321,11.12053363,78.72876125,2540.090515
A321,10.55079713,47.64441625,1610.039933
A321,12.18640275,49.41259625,1066.352274
A321,11.093226,42.04762,1476.267758
A321,9.779419625,46.10462,1791.369966
A321,11.30968713,41.32178375,1650.538409
A321,8.875384375,62.998825,1799.308756
A321,12.56232588,50.82767875,2267.465566
A321,15.43745513,81.20372125,1971.58448
A321,12.59424438,45.02529625,983.103295
A321,9.89727225,54.1577075,1646.137546
A321,11.907143,86.21391875,1343.256051
A321,15.39781125,55.94914625,1567.789806
A321,14.39884463,47.98134875,1843.827491
A321,12.74581313,44.128135,2126.109793
A321,10.09753775,69.3640625,2227.06907
A321,13.12026713,56.2569725,1789.857551
A321,14.25697575,72.69885,1026.53337
A321,11.769361,42.00932125,2050.356375
A321,14.33567088,61.950145,2728.891484
A321,12.29026113,61.51522875,2458.963423
A321,9.31807975,73.23239,1353.469141
A321,13.19938963,66.0028375,2154.197414
A321,15.07786288,41.94733875,1594.888991
A321,10.49454488,52.185595,2016.316695
A321,14.16424738,68.68683625,1422.79034
A321,11.93669425,48.213615,1523.662639
A321,13.79890725,73.48563875,1679.330073
A321,29.42696925,67.7068825,1737.729421
A321,13.44233488,75.359885,1971.686936
A321,16.308758,76.96323125,1728.97367
A321,15.203223,46.848435,1200.411455
A321,8.99669025,69.4057375,1628.986458
A321,80.4639025,64.10201875,1116.10751
A321,8.47392325,46.3926925,1782.663568
A321,9.993444875,48.886895,1683.664539
A321,11.66804413,61.06899125,713.0284313
A321,14.22007688,67.321425,1024.021103
A321,8.032689,58.66667375,1482.142404
A321,14.33587775,86.81811125,1608.172935
A321,15.4857175,57.11001875,1769.312924
A321,10.7313085,63.71127625,2703.315596
A321,11.3462765,66.62610125,2249.118989
A321,14.98807575,39.72101625,2577.49403
A321,13.300978,51.64620875,1789.290393
A321,10.9873995,52.1655525,1192.358313
A321,11.05725525,73.252445,1413.359613
A321,14.6640465,54.4035,1142.653233
A321,9.441613625,83.2593575,1214.424128
A321,16.29786188,38.8936,2215.774025
A321,15.8751585,64.9229475,975.038985
A321,11.38866275,75.333785,1852.222249
A321,13.4468415,51.23796625,1043.733254
A321,15.88195475,36.59466875,1097.473865
A321,9.635229125,74.30537125,1351.928604
A321,15.80648438,61.5220375,1991.734413
A321,11.4607095,59.80681,1967.358156
A321,9.19029775,86.116905,1494.396383
A321,15.87550063,51.92396375,1223.063435
A321,16.19758738,44.23978625,1285.055696
A321,10.7529655,68.830405,1582.568388
A321,14.44169325,58.14655375,2312.879778
A321,13.5863055,61.28907125,2147.240985
A321,10.770996,51.2715925,1982.774364
A321,12.15008788,68.74649,1340.928156
A321,11.91475475,71.0289675,1179.155624
A321,14.06253075,86.02815625,1404.489134
A321,8.871235875,68.24900625,1737.532214
A321,9.01530975,62.3629625,2084.926868
A321,14.21149238,56.07887375,2774.762596
A321,11.90760038,39.4708,2138.878591
A321,8.156370125,52.5643475,1855.946649
A321,12.59281325,37.8345225,828.043585
A321,11.80806875,72.70785125,1792.247304
A321,9.1696185,43.73107125,1396.97186
A321,15.28759238,64.17368875,1645.63295
A321,13.38202238,47.5945075,2206.869815
A321,7.2518615,71.8667675,1161.96405
A321,11.27360013,68.17072375,2205.287903
A321,13.14004025,43.14803375,1413.757051
A321,9.769268375,71.75643875,1081.744198
A321,14.94327063,50.21798375,1455.724849
A321,11.81551963,69.14942125,2554.519609
A321,10.73141675,67.44014875,1570.521874
A321,13.11038438,30.24274125,1981.724235
A321,13.66355213,43.45682375,2648.992616
A321,13.92982938,69.31218,2352.799399
A321,8.362061375,60.99877375,2491.805466
A321,13.02716763,57.58951,2343.66043
A321,13.80752375,37.2017825,490.0698637
A321,12.41287988,63.539015,2000.201634
A321,12.89676888,91.4432275,2060.562084
A321,11.879921,50.82126875,2465.991888
A321,13.49251775,81.8293875,1612.621983
A321,14.24970413,53.02083,1686.981848
A321,9.405261125,60.4218925,1108.81218
A321,12.20505225,69.95842625,1392.119549
A321,10.650453,42.7216275,2396.807214
A321,10.42539438,49.18924,2055.123826
A321,11.40220463,39.684795,2378.223016
A321,10.96172225,70.4371675,1206.1628
A321,11.31114725,45.14592625,1793.108049
A321,10.13925938,48.8143475,1043.992529
A321,10.4424045,34.7111825,2768.841389
A321,8.634850375,62.72272375,2255.87401
A321,9.05086475,36.14460375,2079.252376
A321,11.91199375,50.8389075,2142.241813
A321,10.38559625,71.76413,2051.651586
A321,8.76949025,65.27747875,2716.728289
A321,12.84539038,50.70729375,1206.36688
A321,14.05441963,34.63911875,1941.927929
A321,14.64396488,65.5520175,945.2071612
A321,8.608445875,79.392475,2293.976286
A321,12.13577013,56.2682125,1828.584985
A321,9.729109125,58.3331325,1598.057391
A321,9.647106,38.25760125,1593.789959
A321,9.699566875,63.71823875,1590.434581
A321,16.3645985,51.98671,2431.034634
A321,9.360502625,70.55865875,2788.232899
A321,12.91983138,57.26563375,1399.543019
A321,10.69452888,52.04276875,1835.798184
A321,8.594269375,47.00652125,1280.627469
A321,12.17033575,60.64902125,1860.9902
A321,12.410432,35.65094,1675.18727
A321,10.08751875,54.00622125,2254.061841
A321,9.429288375,52.73104875,1940.317286
A321,10.36754175,39.12028,1667.033514
A321,14.52021613,52.1119375,1027.026136
A321,10.04211,45.74924125,2790.030705
A321,8.157068375,47.22799125,2235.014936
A321,12.95107363,70.18381125,1601.777091
A321,8.880376375,79.69314,1201.668891
A321,10.44442663,74.4433025,1753.28254
A321,7.439705125,43.186935,2049.357318
A321,14.474336,42.95541625,1419.059939
A321,16.202656,64.54740125,1553.252809
A321,13.61468313,55.01100875,2029.833664
A321,16.38660463,77.01612125,1998.447374
A321,10.71144875,54.89889,2591.874496
A321,11.47734888,33.45022875,1794.677803
A321,9.367116,40.51777125,1660.775801
A321,9.9501955,42.49539125,1512.068826
A321,8.918847625,74.93844375,2286.905933
A321,8.523806,68.762185,2368.172826
A321,10.70976375,64.63409875,1474.931
A321,11.58424438,56.09953375,1426.526113
A321,14.79064888,35.52659625,2625.361853
A321,10.69101,68.3533475,2465.352451
A321,14.1507315,44.6637625,1660.690694
A321,10.00200075,66.50457625,2027.439178
A321,9.460995,37.985885,1929.718425
A321,13.88424738,74.25327125,1791.146338
A321,11.564909,43.72958375,1557.941954
A321,14.01497063,46.69192875,1700.512911
A321,13.68554163,58.81114375,2062.810761
A321,8.761024,36.06661125,1352.107139
A321,10.817672,39.1339925,1632.949896
A321,12.36861675,58.73115625,3881.433156
A321,15.124874,83.44026,855.28813
A321,13.26726225,65.32455125,1420.438334
A321,12.17893625,58.40442,1645.054625
A321,14.15690713,48.32075375,1410.610905
A321,12.10217163,54.422275,1948.536481
A321,13.589343,63.86888125,1155.454059
A321,11.56617125,52.980015,2416.021619
A321,12.21968113,82.0711675,1121.46284
A321,9.695117875,74.93407375,1240.355455
A321,10.3634895,68.66481,2414.751281
A321,8.09700475,37.79652,2529.227803
A321,11.04948925,62.4929225,1384.002186
A321,11.03581713,80.65745875,2374.803724
A321,12.04248113,82.32895875,2007.158186
A321,10.8507325,59.6152625,2055.208096
A321,11.97867175,72.49903875,1752.461055
A321,13.82614625,71.11828125,1643.641456
A321,16.03689113,56.5988675,2315.740404
A321,12.40938363,62.85173125,1665.947254
A321,13.61092838,63.77212,2450.619455
A321,14.24719263,79.34865,1441.379476
A321,13.00426738,43.96151125,1628.827373
A321,15.69022813,43.44263125,1364.932419
A321,12.32233788,64.8312525,2311.301904
A321,9.818835625,61.370685,964.39712
A321,14.96197475,49.76210625,1524.300279
A321,14.05176188,56.8265575,1528.082384
A321,13.43466113,51.590195,967.70748
A321,11.7673675,33.70828125,1901.889393
A321,9.88585775,57.52052,1189.360536
A321,10.83109863,73.19481625,1942.468375
A321,11.769913,57.46476125,1070.112763
A321,12.61800613,52.92903625,987.1276975
A321,12.93189013,43.64145,1273.749441
A321,13.90693313,57.734895,2356.019709
A321,15.05995963,57.4409275,2085.9238
A321,10.85675088,40.26521875,1497.224939
A321,15.035429,39.9023325,1968.561083
A321,11.62956388,40.4710875,1719.835816
A321,15.0468275,63.042295,2159.152305
A321,11.30744213,54.38328875,1447.399164
A321,14.79003125,83.2583775,811.9983337
A321,12.61195375,46.6084275,1963.99153
A321,16.10229788,61.59432,999.1198062
A321,14.54592838,48.64857625,1844.476733
A321,9.568852625,59.22064,2886.517009
A321,11.01489,56.81527125,1850.373286
A321,12.14511488,75.71041,2412.225531
A321,9.91863275,50.55906875,1829.108696
A321,11.799921,78.8761825,1697.403464
A321,12.09993963,69.795305,2882.609874
A321,10.4646105,44.08225375,1979.673193
A321,13.72782125,53.9732275,1672.885683
A321,8.049151125,59.82966625,2599.090005
A321,11.30732788,61.65873375,2569.304948
A321,14.51771863,42.92192875,2299.650081
A321,11.8162925,39.96880125,1046.143165
A321,12.83523213,76.287495,1562.804746
A321,8.227350875,75.327545,1624.732016
A321,8.50447825,79.2798975,2510.48552
A321,12.96440863,33.99437625,1193.647323
A321,8.17365575,50.2028475,2143.188109
A321,14.4096315,46.8877175,1898.659268
A321,12.09863275,48.13997625,922.010325
A321,15.16445125,76.39911375,1884.600339
A321,62.77171225,84.371275,2706.040268
A321,10.87337725,58.884525,2332.236541
A321,12.639898,34.86159125,1217.469779
A321,9.0918465,45.10111375,1233.541614
A321,15.46509188,49.29604625,1649.864561
A321,9.76696075,62.3584775,2520.374668
A321,14.103214,70.99052125,2378.21112
A321,10.45828663,79.77383625,883.56262
A321,7.764812375,43.40184,1148.05181
A321,15.14920275,46.98967125,2268.40077
A321,8.803703375,85.9271525,2267.685985
A321,12.57806275,81.7016725,1004.629064
A321,12.8240705,68.45138875,1285.625664
A321,13.28060325,66.79708625,1592.022346
A321,7.57366675,61.5740375,2587.770816
A321,11.62167225,79.3504225,1147.170625
A321,12.09427738,67.88529,2427.313986
A321,13.88275363,69.54931375,2308.541868
A321,10.46761338,35.1873225,2070.209449
A321,10.77567588,65.6591125,2375.175736
A321,12.77415813,54.08711375,2448.024261
A321,11.01067488,67.94665,1123.693655
A321,11.72414413,65.46322625,1715.078128
A321,13.83442263,42.77464875,2536.07358
A321,13.47799313,75.5783175,2639.44705
A321,10.01642375,50.811995,1504.687208
A321,9.269918,88.8221025,2212.7573
A321,13.270446,82.80239875,2279.172313
A321,8.80477175,75.96629375,2535.673155
A321,9.210237125,73.72722125,1107.639236
A321,8.041087625,41.64470875,2009.471014
A321,9.0490535,54.57722,2161.707391
A321,12.61065888,58.91499625,2560.537186
A321,14.35036238,44.61430625,2321.754634
A321,14.01800213,75.17967375,1947.029514
A321,13.79029175,76.9398925,2237.634314
A321,12.94588975,76.17209625,1332.944186
A321,13.62612525,51.26746125,2104.983548
A321,13.68897188,49.95414625,2127.916871
A321,13.38000925,76.75032,1433.645356
A321,9.028017125,71.35616625,2407.89977
A321,12.38988,45.33207,2497.251795
A321,15.22945525,45.05356875,1697.322744
A321,14.68695875,51.06669375,2123.063331
A321,14.90535738,52.04913125,1352.708648
A321,9.2574215,39.51715125,1107.531799
A321,8.055394375,45.20217625,1889.155039
A321,9.190242125,64.98606875,1156.593414
A321,11.23637013,65.2959125,1704.402889
A321,16.06668425,71.702685,1597.625255
A321,9.951509375,54.60850625,978.12644
A321,11.55785988,76.22661625,2024.934954
A321,13.14863375,56.07346625,993.0987088
A321,8.081094625,75.11032875,2305.380311
A321,14.39891525,72.81741875,1623.241231
A321,8.388173375,56.5124125,2756.876425
A321,12.643764,83.15419625,1741.413241
A321,14.71772363,72.959705,1642.300823
A321,9.768278625,52.67141625,1889.479381
A321,12.61315238,66.10674,1782.198485
A321,9.01058625,65.0564175,1728.958626
A321,8.84919975,69.63438625,1993.939073
A321,14.60149838,55.64558375,1853.92199
A321,10.15928338,34.79439125,2076.499769
A321,13.9168615,59.1084825,2137.741275
A321,11.388809,37.2111475,2177.78346
A321,14.3934805,66.16814875,1654.588943
A321,11.97425838,43.052495,2339.674589
A321,14.40669925,47.61754625,1930.422824
A321,14.67640875,58.90521125,1379.270053
A321,11.94007588,64.04051875,4529.646943
A321,9.726069625,64.742855,2047.563626
A321,11.47727425,64.98608125,2707.234346
A321,12.56439463,76.31123375,2171.96588
A321,10.874317,62.2626225,1531.82952
A321,13.80744813,64.11401125,2504.091686
A321,11.30254075,61.4195625,2322.32582
A321,12.18817738,84.30279375,1905.026361
A321,8.82672425,56.588535,2029.696771
A321,10.13080713,64.50100625,1988.811281
A321,13.61104863,51.47344875,2109.840821
A321,10.56703438,54.91404625,1335.130208
A321,13.87782925,55.45394,2156.989439
A321,14.86751675,65.74938875,1109.816938
A321,15.69981338,57.97460625,1019.07615
A321,16.70584075,69.94726625,1296.67473
A321,11.59594338,62.41384125,2121.659249
A321,9.008808,61.87859625,1641.590924
A321,12.90307575,204.5903263,1491.440939
A321,9.76977075,59.11860875,1699.994101
A321,12.04870938,69.96751875,2324.693524
A321,11.90649838,42.9256575,1393.135431
A321,11.78000825,32.9056925,2107.31009
A321,11.1012625,29.61652,1999.275549
A321,15.58745013,56.978955,1699.13967
A321,7.40450225,49.1914575,1436.228025
A321,8.387890875,86.13224875,1266.418523
A321,12.906558,52.20907125,1704.233055
A321,10.13966113,43.00692875,1713.775854
A321,11.87467713,32.0456725,1483.377914
A321,9.593037125,81.02793,2020.50755
A321,14.03164663,68.66365,2678.979468
A321,9.45197575,45.1689225,2121.341765
A321,11.37558825,71.3306025,2098.777578
A321,12.85649738,40.660945,1548.221144
A321,11.45917475,74.0866925,1142.148599
A321,15.49926738,64.59826625,721.89672
A321,9.8140385,68.6685625,2580.820078
A321,13.96581513,37.22275125,1937.394764
A321,12.25339125,71.02477,1394.57815
A321,10.07950325,82.7176725,1345.954301
A321,14.19882663,53.37901,2658.305471
A321,11.37865875,49.74570875,2093.203468
A321,10.53676488,48.73320125,1441.524999
A321,13.82584475,70.90776125,1770.946425
A321,10.04481538,49.248585,2005.609883
A321,13.42649138,46.698725,1243.80377
A321,13.435452,65.38511125,1320.592961
A321,11.67026513,82.20409,2518.227984
A321,11.12810875,52.64230875,1999.992454
A321,14.80689913,45.2010225,2498.899736
A321,10.50567388,85.0161175,1310.275954
A321,14.16717363,68.460315,1326.359689
A321,8.762116,59.9998375,2198.445374
A321,14.33037138,59.79420375,1423.01966
A321,11.516587,52.308625,1775.452774
A321,14.32585275,76.71170875,1547.779768
A321,10.99540738,64.58395,2269.777179
A321,9.348461875,58.00451625,3086.425328
A321,9.264537875,78.7610725,1242.516479
A321,13.62557025,56.36670375,2016.853761
A321,10.17954688,45.20242875,1406.214629
A321,11.0712865,48.625935,1118.146775
A321,10.521551,82.63821125,2373.577719
A321,11.210436,50.0964825,2324.398955
A321,14.98397788,81.26944875,1574.749628
A321,13.931549,37.05443625,1464.317961
A321,14.85114325,65.6006125,1371.121678
A321,13.52089375,45.31105125,1373.490958
A321,12.89193313,69.65843625,1884.619364
A321,12.93811475,70.613765,1361.617383
A321,14.53758538,50.56967125,1907.530299
A321,13.10255975,79.8300825,1535.92017
A321,15.54953688,79.57223375,1581.954635
A321,11.0073845,78.80466,1737.920643
A321,8.599010875,32.62742875,1531.102648
A321,14.5862935,47.5826425,1839.522033
A321,13.02373238,52.57277375,1886.320039
A321,11.30004225,75.10238,2161.00153
A321,14.06413713,70.8190525,1823.715134
A321,9.688853625,44.63201125,1690.705695
A321,9.170993,55.5604975,1442.667806
A321,11.74094538,54.449425,2499.643329
A321,7.613182375,61.2687625,2458.724469
A321,11.95801413,85.77516,1217.414013
A321,11.458201,81.24626875,2517.22846
A321,9.820226125,60.3381275,2331.926368
A321,12.7096235,76.3667775,1440.795011
A321,12.56081913,72.12043625,2114.277945
A321,12.49938963,44.88596125,1214.595219
A321,14.1046335,61.74311375,1979.615498
A321,12.6085235,72.64812625,2333.370629
A321,11.675436,72.1627825,1164.157166
A321,10.96265,53.13037125,1602.319466
A321,12.45415013,79.2445525,2290.170693
A321,13.19510388,78.6977375,1325.778968
A321,13.20148138,67.787,1507.584256
A321,11.19164463,73.0206625,1818.732031
A321,13.51167225,64.39856375,1968.480281
A321,7.713806,77.068675,2479.310824
A321,9.102059375,73.8817775,1753.370529
A321,9.253146375,42.9832175,1836.075841
A321,14.54925338,66.25548625,1692.570293
A321,11.98524513,52.579725,1083.706356
A321,13.69724125,68.68080375,1030.95593
A321,11.16455188,41.18048125,2109.725621
A321,8.011362125,38.77244375,1038.140384
A321,14.95996263,48.8028975,1998.280101
A321,14.53591638,91.5765425,1487.74716
A321,12.57869538,68.2778825,2305.717954
A321,11.17112825,48.5226425,1617.814766
A321,12.881024,76.52681875,1279.457835
A321,9.869973625,40.79664125,2579.980005
A321,14.24910313,52.5375075,2465.253576
A321,10.37116025,64.0401475,1408.635213
A321,14.1346105,56.77427625,868.0442137
A321,10.255451,70.5127625,2826.920958
A321,9.487749625,49.7958725,1510.568021
A321,11.9635225,62.13169625,1917.135938
A321,13.49031475,84.80519,2532.035305
A321,8.23976275,83.00194625,2164.553498
A321,12.74003925,68.1890625,1297.184564
A321,12.75356413,44.78751,2496.179146
A321,9.026008,51.1326725,1775.418975
A321,10.19317138,51.875675,1371.675511
A321,13.491577,63.1310375,1463.306446
A321,9.212102,66.18687375,1997.624518
A321,12.0751965,49.06996375,2464.186985
A321,12.16343188,71.11034875,2402.535805
A321,11.044318,90.95241,1606.950225
A321,9.232173625,65.53965375,2449.110645
A321,9.795375375,79.4499625,1817.140966
A321,11.73774763,39.468135,2367.78245
A321,10.634342,90.67724875,1933.996778
A321,11.61084175,59.579305,2091.302899
A321,8.67420975,63.04940375,1317.76911
A321,9.038221,69.38870875,2217.982105
A321,7.88393625,75.64594,1476.905108
A321,11.20535338,66.1230075,2024.22283
A321,11.41059725,81.5966125,1635.217396
A321,8.99726225,54.881085,2742.925663
A321,6.547200625,61.7903525,723.005515
A321,8.69366075,65.41979875,1849.05965
A321,10.40969513,29.96428,2305.949936
A321,13.522092,37.77566875,2045.809238
A321,9.10974375,71.52788375,1084.627264
A321,13.05150138,88.6020975,1570.809238
A321,13.51510888,44.93718125,1197.156224
A321,14.2868455,70.78829125,1744.541
A321,11.86539438,79.38017,2559.664211
A321,9.863421875,60.7169425,1571.94091
A321,9.221585,79.8476,1311.452149
A321,8.43337925,78.45250625,2297.23738
A321,12.67317538,85.6104175,1780.553839
A321,13.85804013,43.8410025,2288.009455
A321,10.7546115,76.485445,2132.82663
A321,13.69982438,51.29320125,2227.090234
A321,9.907029375,81.36778875,1487.203243
A321,14.0074135,43.78363625,1512.648528
A321,15.277652,51.8866225,2631.028576
A321,16.54730288,33.99409875,1864.258343
A321,14.31690313,60.4448225,1446.445644
A321,10.173768,38.6112325,2116.593068
A321,14.304351,75.61036625,1575.308404
A321,15.28968013,54.76143625,1286.442253
A321,15.97036438,67.58409875,2185.092744
A321,13.24004725,83.92201625,2419.044425
A321,15.93696775,78.1572125,2148.046278
A321,9.867716625,46.15355875,743.5781975
A321,10.32468913,50.82343375,2757.327864
A321,9.095942375,52.60466125,1613.96787
A321,11.206569,73.94776625,1282.844088
A321,9.544823375,50.3795275,2056.157291
A321,10.7801505,48.49057375,2171.203295
A321,8.866074625,52.36177375,1519.92099
A321,15.35732588,67.3812675,2132.25159
A321,11.25591138,81.95399875,1766.92711
A321,7.839702125,77.1937,2407.825025
A321,16.089323,83.247425,2564.300509
A321,10.08855413,55.28908625,2150.395055
A321,10.747126,54.47791125,2048.390226
A321,15.2318225,85.3277925,2189.961594
A321,10.34025113,66.74707875,1873.092743
A321,9.128703375,47.63084,2085.809861
A321,14.76927138,74.75562125,1405.089985
A321,9.151226875,59.75448,1550.798446
A321,11.23871438,83.42031625,1987.239284
A321,12.49057925,78.08707625,2572.067751
A321,12.15091138,60.318765,1666.787198
A321,6.884322,45.831435,2145.655934
A321,8.986490375,74.88949125,2004.050544
A321,16.12813338,74.73145375,1574.890239
A321,12.43341888,62.3439975,1473.318866
A321,9.259965625,74.18476625,2840.455899
A321,9.65976975,54.61716,1538.119021
A321,16.55445125,49.726825,1944.421561
A321,14.07511088,62.92553625,2149.769488
A321,10.34474075,41.1528475,1351.320948
A321,10.68199975,51.329555,1713.868914
A321,9.2751825,70.67477375,2712.370291
A321,10.66116625,64.26569625,2549.415676
A321,8.0196295,79.2371575,2949.175094
A321,11.83169625,59.37343625,2329.401641
A321,11.61195275,74.09898875,1868.737118
A321,10.41899088,34.36664125,2218.568408
A321,9.559332,76.216295,793.105495
A321,10.1957375,69.24121375,1039.181516
A321,10.95300013,61.38487875,1450.596576
A321,13.25818438,61.0962325,1705.966465
A321,10.58545,68.970345,1318.352869
A321,14.28594538,78.79686875,1600.870728
A321,15.61056825,44.2293125,1680.796145
A321,15.37828763,71.5571875,2011.117911
A321,8.07144975,84.64642625,1192.691665
A321,9.325920375,53.55970625,2284.737718
A321,10.02412913,41.01334875,1477.299436
A321,15.26475175,59.698225,1860.792213
A321,14.48171225,84.6850225,1057.284425
A321,9.992688,68.95715625,1216.983533
A321,15.30725325,66.98806375,1773.359165
A321,8.53753575,51.095725,1593.331039
A321,8.596360125,47.85177375,2108.448864
A321,11.33532475,71.94909,2084.156396
A321,14.13196575,54.2119275,1742.831349
A321,15.362669,78.72936125,1641.460221
A321,12.73809675,64.12618625,1467.301874
A321,10.55800013,35.90411,1716.548515
A321,9.841511375,46.61430125,1552.26219
A321,11.42564988,54.5054875,1499.291155
A321,9.141359125,67.3019425,1890.83854
A321,11.11872638,79.3521575,893.0644537
A321,14.741557,63.05849625,903.6625762
A321,11.03612125,60.22620625,1427.958698
A321,10.6673695,68.7477625,1670.495558
A321,5.141513375,47.34703125,1644.439763
A321,14.35231288,71.67742375,1706.403484
A321,12.1340665,32.910955,938.35426
A321,31.29080625,78.04644625,6161.754259
A321,8.3318515,64.52995875,2190.027838
A321,14.81413113,46.419735,1529.487573
A321,11.43165463,48.24970375,1880.94422
A321,10.03803713,67.140415,1966.887835
A321,12.54552763,80.4128325,2327.906946
A321,7.734564875,43.30114125,1085.831881
A321,9.787859875,52.04651875,1001.132821
A321,7.986230875,67.20653,1017.396764
A321,13.490467,54.2615075,940.5913987
A321,5.758804,72.72175125,2344.696205
A321,13.33373538,70.68428375,2917.011475
A321,12.578771,45.761505,1551.548973
A321,11.40552163,72.4844,2185.043278
A321,11.18311475,47.7020725,1538.165634
A321,14.36857213,14.72606125,1855.718235
A321,12.93633213,72.42481125,1888.319791
A321,14.65772263,59.02421125,2533.051221
A321,10.31359113,54.71687,2358.49353
A321,10.42260138,50.880345,2112.556488
A321,11.63419075,46.45360625,1728.546605
A321,15.70745113,48.28196,1782.691323
A321,13.13372838,75.7132225,2180.691061
A321,12.15144375,36.1044425,2044.891226
A321,8.914359,74.6489675,2121.81701
A321,8.02115425,79.444185,1190.99941
A321,12.77643075,53.2408425,2278.884625
A321,11.1363105,111.4997825,1716.729078
A321,11.41825,62.05445375,881.8646125
A321,11.95780725,76.94109625,2365.345618
A321,28.4453925,58.2688075,5016.947149
A321,17.37248,71.5183775,1293.750789
A321,9.029950625,38.234155,2104.80589
A321,23.86779375,31.815375,1764.795026
A321,4.74810875,52.28851125,2492.553374
A321,9.81810875,118.7349338,2063.812261
